-0.030491,-0.030491,-0.030641,-0.030923,-0.031308,-0.031760,-0.032246,-0.032740,-0.033216,-0.033655,-0.034041,-0.034361,-0.034605,-0.034765,-0.034835,-0.034810,-0.034687,-0.034466,-0.034145,-0.033724,-0.033205,-0.032589,-0.031877,-0.031074,-0.030182,-0.029203,-0.028143,-0.027005,-0.025793,-0.024513,-0.023168,-0.021763,-0.020304,-0.018795,-0.017242,-0.015651,-0.014027,-0.012375,-0.010702,-0.009012,-0.007313,-0.005610,-0.003909,-0.002216,-0.000538,0.001119,0.002750,0.004348,0.005906,0.007419,0.008880,0.010284,0.011625,0.012896,0.014093,0.015210,0.016242,0.017185,0.018035,0.018787,0.019439,0.019989,0.020433,0.020772,0.021006,0.021135,0.021161,0.021088,0.020921,0.020667,0.020335,0.019935,0.019482,0.018992,0.018487,0.017990,0.017531,0.017142,0.016859,0.016711,0.016711,
-0.030491,-0.030491,-0.030641,-0.030923,-0.031308,-0.031760,-0.032246,-0.032740,-0.033216,-0.033655,-0.034041,-0.034361,-0.034605,-0.034765,-0.034835,-0.034810,-0.034687,-0.034466,-0.034145,-0.033724,-0.033205,-0.032589,-0.031877,-0.031074,-0.030182,-0.029203,-0.028143,-0.027005,-0.025793,-0.024513,-0.023168,-0.021763,-0.020304,-0.018795,-0.017242,-0.015651,-0.014027,-0.012375,-0.010702,-0.009012,-0.007313,-0.005610,-0.003909,-0.002216,-0.000538,0.001119,0.002750,0.004348,0.005906,0.007419,0.008880,0.010284,0.011625,0.012896,0.014093,0.015210,0.016242,0.017185,0.018035,0.018787,0.019439,0.019989,0.020433,0.020772,0.021006,0.021135,0.021161,0.021088,0.020921,0.020667,0.020335,0.019935,0.019482,0.018992,0.018487,0.017990,0.017531,0.017142,0.016859,0.016711,0.016711,
-0.030342,-0.030342,-0.030491,-0.030742,-0.031074,-0.031459,-0.031872,-0.032290,-0.032693,-0.033063,-0.033386,-0.033650,-0.033846,-0.033965,-0.034002,-0.033951,-0.033811,-0.033579,-0.033253,-0.032834,-0.032322,-0.031719,-0.031025,-0.030245,-0.029379,-0.028432,-0.027406,-0.026306,-0.025135,-0.023898,-0.022599,-0.021243,-0.019834,-0.018378,-0.016879,-0.015344,-0.013776,-0.012182,-0.010566,-0.008936,-0.007296,-0.005653,-0.004012,-0.002379,-0.000760,0.000839,0.002412,0.003953,0.005455,0.006914,0.008324,0.009677,0.010970,0.012197,0.013352,0.014431,0.015429,0.016343,0.017167,0.017899,0.018537,0.019078,0.019520,0.019864,0.020109,0.020257,0.020309,0.020271,0.020147,0.019943,0.019669,0.019335,0.018953,0.018539,0.018110,0.017689,0.017298,0.016962,0.016710,0.016562,0.016562,
-0.030059,-0.030059,-0.030240,-0.030492,-0.030806,-0.031159,-0.031532,-0.031905,-0.032262,-0.032588,-0.032868,-0.033094,-0.033255,-0.033345,-0.033358,-0.033289,-0.033134,-0.032893,-0.032564,-0.032146,-0.031639,-0.031045,-0.030366,-0.029602,-0.028757,-0.027833,-0.026834,-0.025763,-0.024624,-0.023421,-0.022158,-0.020840,-0.019471,-0.018055,-0.016599,-0.015106,-0.013582,-0.012033,-0.010463,-0.008879,-0.007286,-0.005689,-0.004094,-0.002508,-0.000935,0.000619,0.002146,0.003643,0.005103,0.006520,0.007890,0.009205,0.010462,0.011654,0.012778,0.013828,0.014801,0.015692,0.016497,0.017215,0.017842,0.018377,0.018818,0.019165,0.019419,0.019581,0.019653,0.019640,0.019546,0.019378,0.019143,0.018852,0.018516,0.018149,0.017767,0.017386,0.017027,0.016709,0.016456,0.016278,0.016278,
-0.029672,-0.029672,-0.029907,-0.030179,-0.030495,-0.030836,-0.031186,-0.031531,-0.031856,-0.032148,-0.032397,-0.032592,-0.032726,-0.032792,-0.032784,-0.032699,-0.032533,-0.032284,-0.031952,-0.031534,-0.031032,-0.030447,-0.029779,-0.029030,-0.028203,-0.027300,-0.026325,-0.025280,-0.024169,-0.022996,-0.021766,-0.020481,-0.019147,-0.017768,-0.016349,-0.014895,-0.013411,-0.011903,-0.010374,-0.008831,-0.007279,-0.005724,-0.004171,-0.002626,-0.001094,0.000419,0.001907,0.003365,0.004787,0.006167,0.007501,0.008783,0.010007,0.011170,0.012266,0.013292,0.014242,0.015114,0.015903,0.016608,0.017226,0.017756,0.018196,0.018546,0.018808,0.018981,0.019070,0.019077,0.019008,0.018867,0.018664,0.018406,0.018103,0.017769,0.017415,0.017057,0.016711,0.016392,0.016119,0.015887,0.015887,
-0.029215,-0.029215,-0.029518,-0.029826,-0.030159,-0.030503,-0.030846,-0.031176,-0.031482,-0.031753,-0.031979,-0.032152,-0.032265,-0.032313,-0.032290,-0.032192,-0.032017,-0.031762,-0.031426,-0.031009,-0.030511,-0.029932,-0.029274,-0.028538,-0.027727,-0.026842,-0.025887,-0.024865,-0.023778,-0.022632,-0.021429,-0.020173,-0.018870,-0.017523,-0.016137,-0.014717,-0.013267,-0.011793,-0.010300,-0.008793,-0.007277,-0.005758,-0.004241,-0.002731,-0.001235,0.000243,0.001697,0.003121,0.004511,0.005860,0.007164,0.008417,0.009615,0.010752,0.011825,0.012830,0.013761,0.014617,0.015393,0.016088,0.016699,0.017224,0.017663,0.018016,0.018284,0.018467,0.018568,0.018591,0.018540,0.018420,0.018239,0.018003,0.017722,0.017407,0.017068,0.016717,0.016368,0.016031,0.015724,0.015423,0.015423,
-0.028717,-0.028717,-0.029098,-0.029450,-0.029812,-0.030172,-0.030519,-0.030846,-0.031143,-0.031401,-0.031613,-0.031772,-0.031871,-0.031905,-0.031870,-0.031763,-0.031580,-0.031321,-0.030983,-0.030567,-0.030072,-0.029499,-0.028849,-0.028124,-0.027326,-0.026456,-0.025518,-0.024515,-0.023449,-0.022325,-0.021145,-0.019915,-0.018638,-0.017318,-0.015960,-0.014568,-0.013148,-0.011704,-0.010241,-0.008765,-0.007279,-0.005791,-0.004304,-0.002825,-0.001358,0.000090,0.001515,0.002911,0.004274,0.005597,0.006875,0.008105,0.009280,0.010397,0.011451,0.012438,0.013355,0.014197,0.014963,0.015649,0.016254,0.016776,0.017215,0.017570,0.017842,0.018032,0.018143,0.018177,0.018139,0.018033,0.017866,0.017644,0.017375,0.017068,0.016732,0.016376,0.016012,0.015646,0.015294,0.014916,0.014916,
-0.028205,-0.028205,-0.028666,-0.029070,-0.029469,-0.029852,-0.030213,-0.030546,-0.030843,-0.031097,-0.031302,-0.031452,-0.031542,-0.031568,-0.031525,-0.031411,-0.031223,-0.030960,-0.030621,-0.030205,-0.029713,-0.029145,-0.028502,-0.027786,-0.026998,-0.026141,-0.025217,-0.024229,-0.023181,-0.022075,-0.020915,-0.019706,-0.018450,-0.017153,-0.015818,-0.014451,-0.013055,-0.011636,-0.010198,-0.008747,-0.007287,-0.005823,-0.004362,-0.002908,-0.001466,-0.000041,0.001360,0.002733,0.004073,0.005375,0.006634,0.007844,0.009002,0.010102,0.011141,0.012115,0.013019,0.013852,0.014609,0.015289,0.015889,0.016409,0.016847,0.017204,0.017479,0.017674,0.017791,0.017833,0.017803,0.017706,0.017546,0.017331,0.017065,0.016758,0.016415,0.016045,0.015656,0.015253,0.014849,0.014392,0.014392,
-0.027700,-0.027700,-0.028242,-0.028700,-0.029141,-0.029555,-0.029937,-0.030282,-0.030586,-0.030843,-0.031047,-0.031194,-0.031279,-0.031300,-0.031252,-0.031134,-0.030943,-0.030678,-0.030338,-0.029923,-0.029433,-0.028868,-0.028231,-0.027521,-0.026742,-0.025895,-0.024982,-0.024007,-0.022972,-0.021881,-0.020737,-0.019545,-0.018307,-0.017028,-0.015712,-0.014363,-0.012987,-0.011588,-0.010170,-0.008739,-0.007300,-0.005857,-0.004415,-0.002981,-0.001558,-0.000153,0.001231,0.002586,0.003909,0.005195,0.006438,0.007633,0.008777,0.009865,0.010893,0.011857,0.012753,0.013578,0.014329,0.015005,0.015602,0.016120,0.016558,0.016916,0.017193,0.017391,0.017513,0.017559,0.017533,0.017439,0.017282,0.017066,0.016797,0.016481,0.016124,0.015733,0.015313,0.014868,0.014409,0.013871,0.013871,
-0.027219,-0.027219,-0.027841,-0.028355,-0.028841,-0.029290,-0.029697,-0.030061,-0.030378,-0.030642,-0.030850,-0.030998,-0.031083,-0.031102,-0.031053,-0.030932,-0.030739,-0.030473,-0.030133,-0.029718,-0.029230,-0.028668,-0.028035,-0.027330,-0.026557,-0.025717,-0.024813,-0.023848,-0.022823,-0.021744,-0.020612,-0.019432,-0.018207,-0.016942,-0.015640,-0.014307,-0.012946,-0.011561,-0.010159,-0.008743,-0.007319,-0.005891,-0.004464,-0.003044,-0.001636,-0.000244,0.001126,0.002468,0.003779,0.005053,0.006285,0.007471,0.008606,0.009685,0.010706,0.011663,0.012553,0.013374,0.014121,0.014794,0.015390,0.015908,0.016346,0.016704,0.016983,0.017183,0.017306,0.017353,0.017328,0.017233,0.017073,0.016852,0.016574,0.016245,0.015868,0.015450,0.014994,0.014504,0.013989,0.013371,0.013371,
-0.026777,-0.026777,-0.027477,-0.028047,-0.028580,-0.029066,-0.029503,-0.029889,-0.030222,-0.030498,-0.030714,-0.030868,-0.030956,-0.030976,-0.030927,-0.030806,-0.030613,-0.030346,-0.030006,-0.029592,-0.029104,-0.028544,-0.027913,-0.027212,-0.026443,-0.025608,-0.024710,-0.023751,-0.022734,-0.021662,-0.020538,-0.019367,-0.018152,-0.016896,-0.015605,-0.014281,-0.012930,-0.011556,-0.010164,-0.008758,-0.007344,-0.005926,-0.004509,-0.003099,-0.001700,-0.000317,0.001044,0.002379,0.003682,0.004949,0.006175,0.007355,0.008485,0.009560,0.010577,0.011531,0.012419,0.013237,0.013984,0.014656,0.015252,0.015770,0.016208,0.016568,0.016847,0.017048,0.017170,0.017217,0.017189,0.017091,0.016924,0.016693,0.016402,0.016054,0.015653,0.015204,0.014710,0.014172,0.013601,0.012906,0.012906,
-0.026386,-0.026386,-0.027160,-0.027785,-0.028366,-0.028891,-0.029361,-0.029773,-0.030125,-0.030416,-0.030644,-0.030806,-0.030899,-0.030923,-0.030876,-0.030757,-0.030564,-0.030297,-0.029957,-0.029543,-0.029056,-0.028497,-0.027867,-0.027167,-0.026400,-0.025568,-0.024672,-0.023717,-0.022703,-0.021636,-0.020517,-0.019351,-0.018140,-0.016890,-0.015604,-0.014286,-0.012941,-0.011573,-0.010186,-0.008786,-0.007377,-0.005964,-0.004552,-0.003146,-0.001751,-0.000372,0.000986,0.002317,0.003618,0.004883,0.006107,0.007285,0.008414,0.009489,0.010505,0.011459,0.012348,0.013168,0.013916,0.014589,0.015186,0.015706,0.016146,0.016506,0.016785,0.016986,0.017107,0.017150,0.017118,0.017013,0.016836,0.016592,0.016284,0.015914,0.015486,0.015004,0.014469,0.013882,0.013255,0.012486,0.012486,
-0.026055,-0.026055,-0.026900,-0.027580,-0.028209,-0.028774,-0.029277,-0.029717,-0.030092,-0.030401,-0.030642,-0.030814,-0.030916,-0.030945,-0.030902,-0.030785,-0.030593,-0.030327,-0.029987,-0.029572,-0.029085,-0.028525,-0.027895,-0.027195,-0.026428,-0.025596,-0.024700,-0.023745,-0.022733,-0.021666,-0.020548,-0.019383,-0.018174,-0.016925,-0.015640,-0.014323,-0.012979,-0.011611,-0.010226,-0.008826,-0.007418,-0.006005,-0.004593,-0.003186,-0.001791,-0.000411,0.000948,0.002282,0.003585,0.004852,0.006078,0.007260,0.008392,0.009470,0.010490,0.011448,0.012340,0.013164,0.013915,0.014592,0.015193,0.015715,0.016157,0.016518,0.016798,0.016997,0.017116,0.017155,0.017117,0.017002,0.016813,0.016554,0.016225,0.015831,0.015373,0.014855,0.014278,0.013642,0.012960,0.012121,0.012121,
-0.025791,-0.025791,-0.026704,-0.027438,-0.028114,-0.028720,-0.029258,-0.029727,-0.030127,-0.030456,-0.030713,-0.030897,-0.031008,-0.031045,-0.031006,-0.030892,-0.030702,-0.030437,-0.030096,-0.029681,-0.029192,-0.028631,-0.027998,-0.027296,-0.026527,-0.025692,-0.024795,-0.023837,-0.022822,-0.021752,-0.020632,-0.019464,-0.018252,-0.017000,-0.015712,-0.014392,-0.013044,-0.011673,-0.010284,-0.008880,-0.007467,-0.006049,-0.004632,-0.003220,-0.001819,-0.000433,0.000932,0.002272,0.003582,0.004856,0.006089,0.007278,0.008418,0.009503,0.010530,0.011495,0.012395,0.013225,0.013983,0.014665,0.015271,0.015797,0.016242,0.016605,0.016886,0.017084,0.017199,0.017233,0.017186,0.017061,0.016858,0.016580,0.016230,0.015809,0.015320,0.014764,0.014144,0.013460,0.012724,0.011816,0.011816,
-0.025601,-0.025601,-0.026580,-0.027366,-0.028089,-0.028737,-0.029311,-0.029810,-0.030235,-0.030585,-0.030860,-0.031058,-0.031180,-0.031224,-0.031191,-0.031081,-0.030893,-0.030629,-0.030287,-0.029871,-0.029379,-0.028815,-0.028178,-0.027472,-0.026698,-0.025859,-0.024956,-0.023992,-0.022971,-0.021896,-0.020769,-0.019594,-0.018376,-0.017117,-0.015821,-0.014494,-0.013138,-0.011759,-0.010360,-0.008948,-0.007525,-0.006098,-0.004671,-0.003249,-0.001837,-0.000441,0.000936,0.002287,0.003608,0.004894,0.006139,0.007339,0.008490,0.009587,0.010625,0.011601,0.012511,0.013351,0.014117,0.014808,0.015420,0.015952,0.016402,0.016767,0.017049,0.017246,0.017358,0.017386,0.017330,0.017192,0.016974,0.016676,0.016302,0.015853,0.015330,0.014737,0.014074,0.013340,0.012551,0.011578,0.011578,
-0.025490,-0.025490,-0.026533,-0.027370,-0.028140,-0.028829,-0.029439,-0.029970,-0.030422,-0.030794,-0.031087,-0.031300,-0.031434,-0.031487,-0.031460,-0.031354,-0.031168,-0.030904,-0.030561,-0.030142,-0.029647,-0.029078,-0.028436,-0.027724,-0.026943,-0.026096,-0.025185,-0.024213,-0.023183,-0.022097,-0.020961,-0.019776,-0.018546,-0.017276,-0.015969,-0.014629,-0.013261,-0.011869,-0.010457,-0.009030,-0.007594,-0.006152,-0.004710,-0.003273,-0.001846,-0.000433,0.000959,0.002326,0.003663,0.004965,0.006227,0.007443,0.008610,0.009722,0.010775,0.011765,0.012689,0.013541,0.014319,0.015021,0.015642,0.016181,0.016637,0.017006,0.017289,0.017485,0.017594,0.017615,0.017550,0.017399,0.017164,0.016845,0.016446,0.015967,0.015411,0.014778,0.014071,0.013289,0.012447,0.011410,0.011410,
-0.025463,-0.025463,-0.026568,-0.027455,-0.028272,-0.029002,-0.029649,-0.030212,-0.030691,-0.031087,-0.031399,-0.031628,-0.031773,-0.031836,-0.031816,-0.031713,-0.031529,-0.031265,-0.030920,-0.030498,-0.029998,-0.029422,-0.028773,-0.028052,-0.027262,-0.026405,-0.025483,-0.024499,-0.023456,-0.022358,-0.021208,-0.020009,-0.018764,-0.017479,-0.016155,-0.014799,-0.013414,-0.012004,-0.010574,-0.009129,-0.007674,-0.006213,-0.004751,-0.003294,-0.001846,-0.000413,0.001000,0.002389,0.003747,0.005069,0.006352,0.007589,0.008775,0.009907,0.010979,0.011988,0.012928,0.013796,0.014589,0.015304,0.015937,0.016485,0.016948,0.017323,0.017609,0.017804,0.017909,0.017924,0.017849,0.017684,0.017431,0.017091,0.016665,0.016156,0.015564,0.014892,0.014141,0.013310,0.012416,0.011316,0.011316,
-0.025523,-0.025523,-0.026690,-0.027627,-0.028490,-0.029262,-0.029945,-0.030541,-0.031048,-0.031468,-0.031800,-0.032045,-0.032203,-0.032275,-0.032261,-0.032162,-0.031980,-0.031714,-0.031367,-0.030939,-0.030433,-0.029849,-0.029191,-0.028460,-0.027657,-0.026787,-0.025851,-0.024853,-0.023795,-0.022680,-0.021512,-0.020295,-0.019031,-0.017726,-0.016382,-0.015005,-0.013598,-0.012166,-0.010714,-0.009245,-0.007766,-0.006281,-0.004794,-0.003312,-0.001839,-0.000380,0.001059,0.002474,0.003857,0.005206,0.006514,0.007776,0.008987,0.010142,0.011238,0.012268,0.013229,0.014117,0.014928,0.015658,0.016305,0.016865,0.017337,0.017719,0.018008,0.018205,0.018307,0.018316,0.018230,0.018051,0.017780,0.017417,0.016965,0.016424,0.015796,0.015083,0.014287,0.013407,0.012462,0.011298,0.011298,
-0.025674,-0.025674,-0.026902,-0.027889,-0.028798,-0.029612,-0.030333,-0.030961,-0.031497,-0.031941,-0.032293,-0.032555,-0.032726,-0.032807,-0.032800,-0.032704,-0.032522,-0.032255,-0.031904,-0.031470,-0.030955,-0.030362,-0.029692,-0.028948,-0.028131,-0.027245,-0.026292,-0.025276,-0.024198,-0.023063,-0.021874,-0.020635,-0.019349,-0.018019,-0.016651,-0.015249,-0.013815,-0.012357,-0.010876,-0.009380,-0.007872,-0.006357,-0.004841,-0.003328,-0.001824,-0.000335,0.001135,0.002580,0.003995,0.005374,0.006712,0.008004,0.009244,0.010428,0.011550,0.012607,0.013592,0.014503,0.015335,0.016085,0.016748,0.017323,0.017807,0.018196,0.018491,0.018689,0.018789,0.018792,0.018697,0.018504,0.018214,0.017828,0.017347,0.016774,0.016109,0.015355,0.014514,0.013584,0.012586,0.011361,0.011361,
-0.025920,-0.025920,-0.027209,-0.028245,-0.029201,-0.030057,-0.030816,-0.031478,-0.032043,-0.032511,-0.032884,-0.033162,-0.033346,-0.033437,-0.033435,-0.033343,-0.033161,-0.032890,-0.032534,-0.032092,-0.031568,-0.030963,-0.030279,-0.029519,-0.028685,-0.027781,-0.026808,-0.025770,-0.024670,-0.023511,-0.022297,-0.021032,-0.019718,-0.018361,-0.016963,-0.015531,-0.014067,-0.012576,-0.011064,-0.009534,-0.007992,-0.006443,-0.004892,-0.003344,-0.001804,-0.000279,0.001227,0.002708,0.004159,0.005573,0.006947,0.008273,0.009547,0.010764,0.011918,0.013004,0.014019,0.014956,0.015813,0.016585,0.017268,0.017860,0.018357,0.018758,0.019059,0.019260,0.019360,0.019357,0.019252,0.019045,0.018736,0.018327,0.017818,0.017212,0.016509,0.015713,0.014824,0.013845,0.012794,0.011504,0.011504,
-0.026264,-0.026264,-0.027614,-0.028701,-0.029704,-0.030603,-0.031400,-0.032096,-0.032690,-0.033183,-0.033577,-0.033872,-0.034068,-0.034168,-0.034172,-0.034081,-0.033898,-0.033624,-0.033260,-0.032809,-0.032273,-0.031654,-0.030954,-0.030176,-0.029323,-0.028397,-0.027400,-0.026338,-0.025211,-0.024025,-0.022782,-0.021486,-0.020141,-0.018752,-0.017321,-0.015853,-0.014354,-0.012827,-0.011277,-0.009709,-0.008129,-0.006540,-0.004949,-0.003360,-0.001780,-0.000213,0.001334,0.002856,0.004348,0.005803,0.007217,0.008583,0.009896,0.011150,0.012340,0.013461,0.014509,0.015477,0.016362,0.017160,0.017866,0.018478,0.018992,0.019405,0.019715,0.019921,0.020021,0.020014,0.019900,0.019679,0.019351,0.018918,0.018380,0.017740,0.016999,0.016159,0.015223,0.014192,0.013086,0.011732,0.011732,
-0.026708,-0.026708,-0.028121,-0.029260,-0.030311,-0.031253,-0.032089,-0.032819,-0.033443,-0.033962,-0.034377,-0.034688,-0.034897,-0.035005,-0.035013,-0.034924,-0.034739,-0.034459,-0.034087,-0.033625,-0.033075,-0.032440,-0.031721,-0.030922,-0.030046,-0.029095,-0.028072,-0.026981,-0.025825,-0.024607,-0.023331,-0.022001,-0.020621,-0.019194,-0.017725,-0.016219,-0.014679,-0.013111,-0.011518,-0.009908,-0.008283,-0.006650,-0.005013,-0.003379,-0.001752,-0.000139,0.001455,0.003023,0.004562,0.006063,0.007522,0.008933,0.010290,0.011586,0.012818,0.013978,0.015063,0.016067,0.016984,0.017812,0.018545,0.019179,0.019713,0.020141,0.020462,0.020675,0.020777,0.020767,0.020644,0.020410,0.020063,0.019606,0.019039,0.018364,0.017583,0.016699,0.015714,0.014629,0.013467,0.012046,0.012046,
-0.027257,-0.027257,-0.028734,-0.029926,-0.031026,-0.032013,-0.032889,-0.033654,-0.034308,-0.034853,-0.035288,-0.035616,-0.035836,-0.035952,-0.035965,-0.035875,-0.035687,-0.035400,-0.035018,-0.034542,-0.033976,-0.033322,-0.032583,-0.031760,-0.030858,-0.029879,-0.028826,-0.027703,-0.026514,-0.025260,-0.023948,-0.022579,-0.021159,-0.019691,-0.018179,-0.016629,-0.015044,-0.013429,-0.011790,-0.010130,-0.008457,-0.006773,-0.005086,-0.003401,-0.001723,-0.000058,0.001588,0.003209,0.004799,0.006352,0.007862,0.009323,0.010729,0.012074,0.013351,0.014556,0.015683,0.016726,0.017681,0.018542,0.019305,0.019967,0.020522,0.020969,0.021304,0.021525,0.021631,0.021619,0.021489,0.021242,0.020877,0.020395,0.019798,0.019088,0.018266,0.017336,0.016300,0.015159,0.013939,0.012448,0.012448,
-0.027914,-0.027914,-0.029457,-0.030703,-0.031854,-0.032887,-0.033804,-0.034605,-0.035290,-0.035860,-0.036316,-0.036660,-0.036892,-0.037015,-0.037031,-0.036940,-0.036746,-0.036451,-0.036057,-0.035566,-0.034982,-0.034306,-0.033542,-0.032693,-0.031762,-0.030752,-0.029666,-0.028507,-0.027280,-0.025988,-0.024634,-0.023222,-0.021757,-0.020243,-0.018685,-0.017085,-0.015451,-0.013785,-0.012093,-0.010380,-0.008652,-0.006914,-0.005170,-0.003428,-0.001693,0.000030,0.001733,0.003412,0.005060,0.006670,0.008237,0.009753,0.011214,0.012612,0.013941,0.015195,0.016369,0.017457,0.018454,0.019353,0.020151,0.020843,0.021424,0.021893,0.022244,0.022476,0.022587,0.022575,0.022440,0.022180,0.021797,0.021291,0.020664,0.019917,0.019053,0.018074,0.016985,0.015787,0.014506,0.012941,0.012941,
-0.028682,-0.028682,-0.030295,-0.031597,-0.032801,-0.033881,-0.034840,-0.035677,-0.036394,-0.036990,-0.037467,-0.037827,-0.038070,-0.038199,-0.038216,-0.038123,-0.037923,-0.037617,-0.037208,-0.036700,-0.036095,-0.035395,-0.034605,-0.033726,-0.032762,-0.031717,-0.030594,-0.029396,-0.028128,-0.026792,-0.025392,-0.023934,-0.022420,-0.020856,-0.019245,-0.017592,-0.015902,-0.014180,-0.012430,-0.010659,-0.008871,-0.007072,-0.005267,-0.003463,-0.001665,0.000121,0.001889,0.003631,0.005342,0.007016,0.008645,0.010223,0.011744,0.013201,0.014587,0.015897,0.017123,0.018261,0.019304,0.020246,0.021083,0.021810,0.022422,0.022915,0.023286,0.023532,0.023651,0.023641,0.023501,0.023230,0.022829,0.022298,0.021640,0.020855,0.019948,0.018920,0.017775,0.016516,0.015171,0.013528,0.013528,
-0.029566,-0.029566,-0.031252,-0.032613,-0.033871,-0.035000,-0.036002,-0.036877,-0.037626,-0.038248,-0.038746,-0.039121,-0.039375,-0.039509,-0.039527,-0.039430,-0.039221,-0.038903,-0.038478,-0.037949,-0.037320,-0.036594,-0.035773,-0.034862,-0.033862,-0.032779,-0.031615,-0.030374,-0.029059,-0.027676,-0.026227,-0.024717,-0.023150,-0.021530,-0.019862,-0.018151,-0.016401,-0.014617,-0.012805,-0.010970,-0.009116,-0.007251,-0.005379,-0.003506,-0.001639,0.000216,0.002053,0.003865,0.005645,0.007388,0.009086,0.010732,0.012319,0.013841,0.015291,0.016661,0.017946,0.019139,0.020234,0.021225,0.022105,0.022871,0.023517,0.024040,0.024434,0.024697,0.024826,0.024820,0.024677,0.024396,0.023978,0.023423,0.022733,0.021910,0.020957,0.019877,0.018674,0.017351,0.015937,0.014213,0.014213,
-0.030570,-0.030570,-0.032332,-0.033755,-0.035070,-0.036250,-0.037297,-0.038211,-0.038992,-0.039641,-0.040160,-0.040550,-0.040813,-0.040952,-0.040968,-0.040866,-0.040646,-0.040313,-0.039870,-0.039319,-0.038663,-0.037907,-0.037053,-0.036105,-0.035066,-0.033941,-0.032732,-0.031443,-0.030079,-0.028644,-0.027141,-0.025575,-0.023950,-0.022270,-0.020540,-0.018765,-0.016950,-0.015100,-0.013219,-0.011314,-0.009390,-0.007453,-0.005508,-0.003561,-0.001620,0.000311,0.002223,0.004111,0.005968,0.007786,0.009559,0.011279,0.012939,0.014532,0.016051,0.017489,0.018839,0.020093,0.021246,0.022290,0.023220,0.024030,0.024716,0.025271,0.025692,0.025975,0.026118,0.026118,0.025974,0.025685,0.025250,0.024671,0.023949,0.023086,0.022086,0.020952,0.019688,0.018297,0.016811,0.014998,0.014998,
-0.031700,-0.031700,-0.033543,-0.035030,-0.036405,-0.037637,-0.038731,-0.039684,-0.040499,-0.041175,-0.041714,-0.042119,-0.042391,-0.042532,-0.042547,-0.042437,-0.042205,-0.041855,-0.041390,-0.040813,-0.040128,-0.039339,-0.038448,-0.037460,-0.036378,-0.035207,-0.033949,-0.032609,-0.031192,-0.029700,-0.028138,-0.026511,-0.024823,-0.023078,-0.021282,-0.019438,-0.017553,-0.015631,-0.013676,-0.011696,-0.009696,-0.007680,-0.005656,-0.003630,-0.001608,0.000404,0.002399,0.004369,0.006308,0.008208,0.010063,0.011863,0.013603,0.015275,0.016870,0.018382,0.019802,0.021124,0.022341,0.023445,0.024430,0.025290,0.026020,0.026613,0.027065,0.027373,0.027533,0.027542,0.027399,0.027102,0.026652,0.026049,0.025295,0.024391,0.023342,0.022150,0.020822,0.019360,0.017797,0.015890,0.015890,
-0.032961,-0.032961,-0.034888,-0.036444,-0.037881,-0.039169,-0.040311,-0.041305,-0.042154,-0.042857,-0.043417,-0.043835,-0.044115,-0.044258,-0.044269,-0.044149,-0.043903,-0.043533,-0.043044,-0.042439,-0.041721,-0.040895,-0.039964,-0.038933,-0.037804,-0.036582,-0.035272,-0.033876,-0.032400,-0.030848,-0.029223,-0.027530,-0.025774,-0.023960,-0.022091,-0.020174,-0.018213,-0.016213,-0.014180,-0.012119,-0.010036,-0.007937,-0.005828,-0.003715,-0.001606,0.000494,0.002577,0.004636,0.006664,0.008653,0.010596,0.012485,0.014311,0.016068,0.017746,0.019339,0.020838,0.022234,0.023522,0.024692,0.025739,0.026655,0.027434,0.028070,0.028559,0.028895,0.029076,0.029097,0.028958,0.028656,0.028191,0.027565,0.026777,0.025832,0.024731,0.023480,0.022084,0.020546,0.018900,0.016892,0.016892,
-0.034359,-0.034359,-0.036376,-0.038004,-0.039506,-0.040852,-0.042044,-0.043081,-0.043964,-0.044695,-0.045275,-0.045707,-0.045993,-0.046137,-0.046141,-0.046010,-0.045747,-0.045355,-0.044838,-0.044201,-0.043448,-0.042582,-0.041607,-0.040528,-0.039348,-0.038072,-0.036704,-0.035249,-0.033710,-0.032092,-0.030399,-0.028636,-0.026807,-0.024918,-0.022972,-0.020976,-0.018933,-0.016851,-0.014733,-0.012585,-0.010414,-0.008225,-0.006025,-0.003821,-0.001618,0.000577,0.002755,0.004910,0.007034,0.009119,0.011158,0.013142,0.015062,0.016912,0.018681,0.020362,0.021946,0.023424,0.024790,0.026034,0.027149,0.028127,0.028962,0.029648,0.030178,0.030548,0.030753,0.030791,0.030658,0.030353,0.029875,0.029226,0.028405,0.027416,0.026263,0.024949,0.023481,0.021861,0.020128,0.018011,0.018011,
-0.035901,-0.035901,-0.038014,-0.039717,-0.041289,-0.042695,-0.043939,-0.045020,-0.045939,-0.046697,-0.047297,-0.047741,-0.048033,-0.048175,-0.048172,-0.048027,-0.047743,-0.047326,-0.046780,-0.046107,-0.045314,-0.044404,-0.043381,-0.042250,-0.041015,-0.039681,-0.038251,-0.036731,-0.035125,-0.033436,-0.031670,-0.029832,-0.027926,-0.025956,-0.023929,-0.021848,-0.019719,-0.017547,-0.015339,-0.013099,-0.010834,-0.008550,-0.006252,-0.003949,-0.001645,0.000650,0.002930,0.005188,0.007415,0.009604,0.011746,0.013833,0.015855,0.017805,0.019673,0.021450,0.023128,0.024696,0.026147,0.027472,0.028663,0.029711,0.030609,0.031350,0.031928,0.032337,0.032572,0.032630,0.032507,0.032202,0.031713,0.031041,0.030187,0.029154,0.027945,0.026566,0.025021,0.023315,0.021488,0.019254,0.019254,
-0.037595,-0.037595,-0.039809,-0.041593,-0.043237,-0.044706,-0.046004,-0.047131,-0.048086,-0.048872,-0.049492,-0.049948,-0.050243,-0.050382,-0.050369,-0.050207,-0.049901,-0.049455,-0.048875,-0.048163,-0.047327,-0.046368,-0.045294,-0.044107,-0.042812,-0.041415,-0.039919,-0.038329,-0.036650,-0.034886,-0.033043,-0.031124,-0.029135,-0.027080,-0.024965,-0.022794,-0.020573,-0.018307,-0.016003,-0.013665,-0.011299,-0.008913,-0.006512,-0.004103,-0.001693,0.000710,0.003100,0.005468,0.007806,0.010106,0.012359,0.014556,0.016689,0.018747,0.020722,0.022604,0.024384,0.026051,0.027596,0.029011,0.030285,0.031411,0.032379,0.033183,0.033815,0.034269,0.034540,0.034622,0.034513,0.034211,0.033713,0.033020,0.032133,0.031054,0.029788,0.028339,0.026714,0.024916,0.022988,0.020629,0.020629,
-0.039448,-0.039448,-0.041770,-0.043639,-0.045360,-0.046896,-0.048250,-0.049423,-0.050415,-0.051229,-0.051868,-0.052334,-0.052632,-0.052766,-0.052739,-0.052558,-0.052226,-0.051749,-0.051130,-0.050377,-0.049492,-0.048481,-0.047350,-0.046102,-0.044744,-0.043278,-0.041711,-0.040047,-0.038291,-0.036447,-0.034520,-0.032516,-0.030439,-0.028293,-0.026085,-0.023819,-0.021500,-0.019135,-0.016728,-0.014286,-0.011814,-0.009320,-0.006809,-0.004288,-0.001764,0.000754,0.003260,0.005746,0.008202,0.010621,0.012994,0.015310,0.017562,0.019738,0.021829,0.023824,0.025715,0.027490,0.029138,0.030651,0.032018,0.033230,0.034277,0.035152,0.035846,0.036352,0.036664,0.036777,0.036686,0.036389,0.035885,0.035172,0.034253,0.033128,0.031803,0.030281,0.028571,0.026675,0.024638,0.022144,0.022144,
-0.041471,-0.041471,-0.043908,-0.045867,-0.047668,-0.049274,-0.050687,-0.051907,-0.052938,-0.053779,-0.054436,-0.054911,-0.055210,-0.055335,-0.055294,-0.055089,-0.054728,-0.054215,-0.053555,-0.052754,-0.051817,-0.050750,-0.049557,-0.048244,-0.046816,-0.045278,-0.043635,-0.041891,-0.040052,-0.038123,-0.036109,-0.034013,-0.031842,-0.029601,-0.027294,-0.024927,-0.022505,-0.020034,-0.017520,-0.014967,-0.012383,-0.009774,-0.007146,-0.004507,-0.001863,0.000778,0.003408,0.006019,0.008602,0.011148,0.013648,0.016092,0.018471,0.020774,0.022991,0.025110,0.027121,0.029013,0.030775,0.032396,0.033866,0.035173,0.036308,0.037262,0.038026,0.038592,0.038952,0.039101,0.039035,0.038749,0.038241,0.037511,0.036559,0.035388,0.034001,0.032403,0.030603,0.028602,0.026450,0.023810,0.023810,
-0.043674,-0.043674,-0.046233,-0.048287,-0.050173,-0.051851,-0.053325,-0.054595,-0.055663,-0.056533,-0.057207,-0.057689,-0.057986,-0.058101,-0.058040,-0.057810,-0.057415,-0.056862,-0.056156,-0.055304,-0.054310,-0.053181,-0.051922,-0.050538,-0.049036,-0.047420,-0.045695,-0.043867,-0.041940,-0.039920,-0.037812,-0.035621,-0.033351,-0.031008,-0.028597,-0.026124,-0.023593,-0.021010,-0.018382,-0.015713,-0.013011,-0.010280,-0.007529,-0.004764,-0.001993,0.000778,0.003539,0.006283,0.009000,0.011682,0.014319,0.016900,0.019416,0.021855,0.024207,0.026460,0.028602,0.030622,0.032508,0.034248,0.035830,0.037244,0.038477,0.039520,0.040363,0.040997,0.041414,0.041606,0.041570,0.041299,0.040792,0.040047,0.039064,0.037846,0.036396,0.034719,0.032823,0.030712,0.028436,0.025639,0.025639,
-0.046068,-0.046068,-0.048756,-0.050911,-0.052886,-0.054640,-0.056178,-0.057498,-0.058605,-0.059501,-0.060191,-0.060679,-0.060971,-0.061073,-0.060990,-0.060729,-0.060297,-0.059699,-0.058942,-0.058033,-0.056977,-0.055781,-0.054451,-0.052991,-0.051409,-0.049710,-0.047898,-0.045980,-0.043960,-0.041844,-0.039636,-0.037343,-0.034969,-0.032519,-0.029998,-0.027413,-0.024767,-0.022067,-0.019319,-0.016528,-0.013701,-0.010843,-0.007962,-0.005065,-0.002159,0.000749,0.003649,0.006534,0.009394,0.012221,0.015003,0.017731,0.020393,0.022979,0.025477,0.027874,0.030158,0.032317,0.034338,0.036208,0.037915,0.039446,0.040788,0.041931,0.042864,0.043576,0.044058,0.044302,0.044302,0.044053,0.043551,0.042794,0.041782,0.040517,0.039002,0.037243,0.035246,0.033017,0.030609,0.027643,0.027643,
-0.048666,-0.048666,-0.051492,-0.053753,-0.055822,-0.057656,-0.059258,-0.060631,-0.061776,-0.062698,-0.063402,-0.063893,-0.064178,-0.064262,-0.064153,-0.063858,-0.063383,-0.062735,-0.061923,-0.060951,-0.059828,-0.058559,-0.057151,-0.055610,-0.053943,-0.052154,-0.050249,-0.048235,-0.046116,-0.043898,-0.041586,-0.039186,-0.036701,-0.034139,-0.031503,-0.028799,-0.026033,-0.023210,-0.020336,-0.017417,-0.014458,-0.011467,-0.008450,-0.005413,-0.002365,0.000686,0.003734,0.006768,0.009780,0.012759,0.015696,0.018580,0.021400,0.024143,0.026797,0.029350,0.031788,0.034099,0.036267,0.038280,0.040123,0.041784,0.043248,0.044502,0.045536,0.046336,0.046894,0.047199,0.047244,0.047023,0.046532,0.045767,0.044728,0.043417,0.041836,0.039991,0.037890,0.035536,0.032986,0.029838,0.029838,
-0.051482,-0.051482,-0.054454,-0.056827,-0.058995,-0.060911,-0.062581,-0.064006,-0.065190,-0.066137,-0.066853,-0.067344,-0.067618,-0.067681,-0.067541,-0.067206,-0.066683,-0.065980,-0.065106,-0.064066,-0.062869,-0.061522,-0.060030,-0.058402,-0.056642,-0.054758,-0.052755,-0.050639,-0.048415,-0.046090,-0.043667,-0.041153,-0.038553,-0.035872,-0.033115,-0.030288,-0.027396,-0.024444,-0.021438,-0.018384,-0.015289,-0.012157,-0.008997,-0.005814,-0.002617,0.000586,0.003788,0.006980,0.010152,0.013294,0.016395,0.019446,0.022433,0.025344,0.028167,0.030887,0.033492,0.035966,0.038295,0.040464,0.042458,0.044261,0.045860,0.047240,0.048387,0.049288,0.049933,0.050309,0.050409,0.050224,0.049750,0.048983,0.047920,0.046564,0.044916,0.042983,0.040771,0.038285,0.035585,0.032242,0.032242,
-0.054531,-0.054531,-0.057658,-0.060150,-0.062420,-0.064422,-0.066162,-0.067640,-0.068861,-0.069832,-0.070558,-0.071046,-0.071304,-0.071341,-0.071165,-0.070784,-0.070208,-0.069444,-0.068501,-0.067387,-0.066110,-0.064677,-0.063096,-0.061373,-0.059515,-0.057529,-0.055421,-0.053197,-0.050862,-0.048422,-0.045883,-0.043250,-0.040529,-0.037723,-0.034840,-0.031883,-0.028859,-0.025772,-0.022629,-0.019435,-0.016196,-0.012918,-0.009608,-0.006272,-0.002919,0.000444,0.003808,0.007166,0.010506,0.013820,0.017096,0.020323,0.023488,0.026579,0.029582,0.032483,0.035267,0.037919,0.040423,0.042762,0.044921,0.046882,0.048631,0.050150,0.051425,0.052441,0.053185,0.053645,0.053810,0.053671,0.053222,0.052458,0.051376,0.049977,0.048262,0.046237,0.043910,0.041285,0.038424,0.034873,0.034873,
-0.057831,-0.057831,-0.061122,-0.063738,-0.066117,-0.068208,-0.070018,-0.071549,-0.072808,-0.073799,-0.074531,-0.075012,-0.075251,-0.075256,-0.075038,-0.074606,-0.073969,-0.073137,-0.072118,-0.070923,-0.069558,-0.068032,-0.066354,-0.064530,-0.062567,-0.060472,-0.058252,-0.055913,-0.053461,-0.050901,-0.048240,-0.045482,-0.042632,-0.039697,-0.036681,-0.033589,-0.030427,-0.027200,-0.023913,-0.020573,-0.017184,-0.013753,-0.010287,-0.006792,-0.003276,0.000254,0.003789,0.007320,0.010838,0.014333,0.017793,0.021207,0.024562,0.027845,0.031041,0.034136,0.037113,0.039957,0.042650,0.045175,0.047515,0.049651,0.051565,0.053240,0.054658,0.055804,0.056663,0.057219,0.057462,0.057380,0.056965,0.056212,0.055116,0.053676,0.051896,0.049778,0.047331,0.044559,0.041528,0.037753,0.037753,
-0.061400,-0.061400,-0.064865,-0.067612,-0.070103,-0.072286,-0.074168,-0.075753,-0.077047,-0.078056,-0.078791,-0.079259,-0.079472,-0.079440,-0.079173,-0.078682,-0.077977,-0.077069,-0.075967,-0.074682,-0.073222,-0.071596,-0.069812,-0.067879,-0.065804,-0.063593,-0.061255,-0.058794,-0.056218,-0.053531,-0.050740,-0.047851,-0.044868,-0.041797,-0.038642,-0.035409,-0.032104,-0.028731,-0.025295,-0.021802,-0.018258,-0.014668,-0.011040,-0.007379,-0.003692,0.000011,0.003724,0.007438,0.011143,0.014828,0.018482,0.022094,0.025650,0.029137,0.032539,0.035842,0.039027,0.042078,0.044977,0.047705,0.050243,0.052570,0.054667,0.056515,0.058095,0.059388,0.060377,0.061046,0.061381,0.061368,0.060999,0.060265,0.059162,0.057687,0.055841,0.053629,0.051058,0.048132,0.044921,0.040907,0.040907,
-0.065258,-0.065258,-0.068907,-0.071792,-0.074401,-0.076678,-0.078633,-0.080270,-0.081597,-0.082621,-0.083353,-0.083804,-0.083985,-0.083907,-0.083583,-0.083025,-0.082244,-0.081251,-0.080057,-0.078674,-0.077110,-0.075375,-0.073478,-0.071427,-0.069232,-0.066897,-0.064432,-0.061843,-0.059135,-0.056315,-0.053389,-0.050362,-0.047239,-0.044025,-0.040726,-0.037347,-0.033892,-0.030367,-0.026777,-0.023126,-0.019421,-0.015666,-0.011869,-0.008036,-0.004173,-0.000288,0.003611,0.007515,0.011415,0.015300,0.019159,0.022979,0.026748,0.030452,0.034074,0.037598,0.041007,0.044282,0.047404,0.050352,0.053106,0.055643,0.057943,0.059984,0.061745,0.063204,0.064342,0.065140,0.065583,0.065655,0.065344,0.064640,0.063538,0.062033,0.060126,0.057819,0.055121,0.052033,0.048631,0.044363,0.044363,
-0.069430,-0.069430,-0.073273,-0.076302,-0.079032,-0.081407,-0.083435,-0.085123,-0.086479,-0.087514,-0.088237,-0.088663,-0.088804,-0.088673,-0.088284,-0.087649,-0.086781,-0.085694,-0.084399,-0.082907,-0.081229,-0.079376,-0.077357,-0.075180,-0.072855,-0.070389,-0.067789,-0.065063,-0.062217,-0.059256,-0.056188,-0.053016,-0.049747,-0.046386,-0.042937,-0.039405,-0.035795,-0.032113,-0.028362,-0.024548,-0.020676,-0.016751,-0.012779,-0.008767,-0.004721,-0.000648,0.003444,0.007546,0.011650,0.015744,0.019817,0.023858,0.027852,0.031785,0.035640,0.039401,0.043050,0.046565,0.049928,0.053116,0.056106,0.058874,0.061398,0.063653,0.065615,0.067262,0.068570,0.069518,0.070087,0.070260,0.070023,0.069362,0.068271,0.066744,0.064778,0.062378,0.059549,0.056293,0.052691,0.048151,0.048151,
-0.073939,-0.073939,-0.077987,-0.081167,-0.084023,-0.086497,-0.088598,-0.090335,-0.091716,-0.092755,-0.093464,-0.093856,-0.093948,-0.093754,-0.093288,-0.092566,-0.091602,-0.090409,-0.089001,-0.087391,-0.085589,-0.083607,-0.081455,-0.079142,-0.076679,-0.074072,-0.071329,-0.068458,-0.065465,-0.062357,-0.059138,-0.055816,-0.052394,-0.048879,-0.045274,-0.041584,-0.037814,-0.033969,-0.030052,-0.026069,-0.022025,-0.017925,-0.013773,-0.009576,-0.005341,-0.001073,0.003219,0.007528,0.011843,0.016156,0.020454,0.024725,0.028956,0.033131,0.037234,0.041248,0.045152,0.048927,0.052549,0.055997,0.059244,0.062266,0.065036,0.067529,0.069717,0.071574,0.073074,0.074195,0.074912,0.075206,0.075060,0.074458,0.073390,0.071849,0.069832,0.067339,0.064377,0.060947,0.057135,0.052307,0.052307,
-0.078814,-0.078814,-0.083078,-0.086415,-0.089402,-0.091975,-0.094149,-0.095930,-0.097332,-0.098368,-0.099053,-0.099403,-0.099435,-0.099166,-0.098612,-0.097791,-0.096717,-0.095407,-0.093874,-0.092132,-0.090194,-0.088072,-0.085777,-0.083318,-0.080706,-0.077948,-0.075053,-0.072029,-0.068881,-0.065617,-0.062242,-0.058762,-0.055181,-0.051505,-0.047738,-0.043884,-0.039949,-0.035935,-0.031848,-0.027692,-0.023470,-0.019189,-0.014852,-0.010465,-0.006034,-0.001565,0.002934,0.007456,0.011991,0.016531,0.021063,0.025576,0.030055,0.034486,0.038852,0.043133,0.047311,0.051363,0.055266,0.058994,0.062522,0.065821,0.068863,0.071618,0.074058,0.076152,0.077871,0.079189,0.080078,0.080516,0.080481,0.079955,0.078926,0.077383,0.075322,0.072741,0.069646,0.066036,0.062003,0.056871,0.056871,
-0.084085,-0.084085,-0.088576,-0.092078,-0.095199,-0.097873,-0.100116,-0.101938,-0.103353,-0.104377,-0.105028,-0.105324,-0.105283,-0.104926,-0.104271,-0.103336,-0.102139,-0.100697,-0.099026,-0.097140,-0.095053,-0.092778,-0.090327,-0.087710,-0.084938,-0.082020,-0.078963,-0.075776,-0.072465,-0.069037,-0.065497,-0.061852,-0.058105,-0.054262,-0.050328,-0.046305,-0.042199,-0.038012,-0.033749,-0.029415,-0.025011,-0.020544,-0.016017,-0.011435,-0.006803,-0.002128,0.002584,0.007326,0.012090,0.016865,0.021641,0.026406,0.031146,0.035846,0.040488,0.045054,0.049523,0.053872,0.058075,0.062107,0.065939,0.069541,0.072881,0.075928,0.078648,0.081008,0.082975,0.084518,0.085607,0.086214,0.086315,0.085887,0.084914,0.083384,0.081288,0.078624,0.075396,0.071603,0.067339,0.061885,0.061885,
-0.089787,-0.089787,-0.094517,-0.098190,-0.101447,-0.104221,-0.106530,-0.108387,-0.109807,-0.110809,-0.111413,-0.111641,-0.111514,-0.111053,-0.110281,-0.109216,-0.107880,-0.106291,-0.104465,-0.102419,-0.100169,-0.097727,-0.095107,-0.092320,-0.089377,-0.086286,-0.083057,-0.079697,-0.076214,-0.072613,-0.068901,-0.065084,-0.061165,-0.057149,-0.053040,-0.048843,-0.044561,-0.040196,-0.035754,-0.031236,-0.026647,-0.021989,-0.017268,-0.012486,-0.007649,-0.002762,0.002170,0.007138,0.012137,0.017156,0.022185,0.027212,0.032224,0.037206,0.042140,0.047006,0.051784,0.056450,0.060976,0.065336,0.069498,0.073429,0.077097,0.080465,0.083496,0.086154,0.088401,0.090202,0.091522,0.092328,0.092592,0.092287,0.091392,0.089891,0.087774,0.085035,0.081677,0.077697,0.073193,0.067399,0.067399,
-0.095956,-0.095956,-0.100938,-0.104787,-0.108183,-0.111057,-0.113428,-0.115311,-0.116725,-0.117692,-0.118235,-0.118379,-0.118147,-0.117565,-0.116657,-0.115445,-0.113951,-0.112196,-0.110198,-0.107977,-0.105546,-0.102923,-0.100119,-0.097148,-0.094020,-0.090745,-0.087332,-0.083789,-0.080124,-0.076342,-0.072450,-0.068452,-0.064354,-0.060159,-0.055871,-0.051494,-0.047031,-0.042484,-0.037857,-0.033153,-0.028374,-0.023522,-0.018602,-0.013617,-0.008570,-0.003466,0.001689,0.006890,0.012130,0.017400,0.022691,0.027990,0.033286,0.038562,0.043802,0.048986,0.054091,0.059093,0.063965,0.068677,0.073196,0.077488,0.081514,0.085235,0.088613,0.091604,0.094167,0.096262,0.097847,0.098886,0.099345,0.099191,0.098400,0.096950,0.094828,0.092025,0.088541,0.084372,0.079621,0.073470,0.073470,
-0.102635,-0.102635,-0.107881,-0.111913,-0.115450,-0.118420,-0.120845,-0.122745,-0.124140,-0.125056,-0.125520,-0.125560,-0.125205,-0.124481,-0.123415,-0.122034,-0.120362,-0.118421,-0.116232,-0.113815,-0.111187,-0.108365,-0.105362,-0.102191,-0.098864,-0.095392,-0.091784,-0.088047,-0.084189,-0.080217,-0.076136,-0.071951,-0.067666,-0.063286,-0.058813,-0.054251,-0.049602,-0.044869,-0.040054,-0.035160,-0.030187,-0.025138,-0.020017,-0.014824,-0.009564,-0.004240,0.001144,0.006583,0.012070,0.017598,0.023157,0.028738,0.034328,0.039911,0.045471,0.050988,0.056440,0.061800,0.067041,0.072131,0.077036,0.081717,0.086135,0.090246,0.094007,0.097370,0.100289,0.102717,0.104609,0.105920,0.106609,0.106641,0.105983,0.104610,0.102503,0.099649,0.096047,0.091689,0.086684,0.080158,0.080158,
-0.109869,-0.109869,-0.115393,-0.119613,-0.123291,-0.126353,-0.128825,-0.130727,-0.132087,-0.132934,-0.133298,-0.133212,-0.132708,-0.131818,-0.130571,-0.128997,-0.127122,-0.124972,-0.122570,-0.119937,-0.117091,-0.114051,-0.110830,-0.107444,-0.103904,-0.100221,-0.096404,-0.092461,-0.088401,-0.084228,-0.079949,-0.075569,-0.071091,-0.066519,-0.061856,-0.057104,-0.052266,-0.047343,-0.042336,-0.037248,-0.032079,-0.026831,-0.021505,-0.016103,-0.010627,-0.005079,0.000537,0.006217,0.011956,0.017748,0.023584,0.029455,0.035348,0.041251,0.047145,0.053011,0.058827,0.064567,0.070201,0.075696,0.081016,0.086120,0.090965,0.095504,0.099688,0.103466,0.106785,0.109591,0.111833,0.113460,0.114423,0.114679,0.114191,0.112925,0.110857,0.107972,0.104262,0.099717,0.094452,0.087534,0.087534,
-0.117711,-0.117711,-0.123526,-0.127939,-0.131758,-0.134905,-0.137411,-0.139301,-0.140606,-0.141360,-0.141599,-0.141360,-0.140680,-0.139595,-0.138138,-0.136343,-0.134239,-0.131854,-0.129214,-0.126340,-0.123255,-0.119976,-0.116519,-0.112899,-0.109129,-0.105220,-0.101181,-0.097020,-0.092746,-0.088363,-0.083878,-0.079295,-0.074617,-0.069847,-0.064988,-0.060042,-0.055010,-0.049894,-0.044693,-0.039409,-0.034042,-0.028593,-0.023061,-0.017447,-0.011753,-0.005979,-0.000128,0.005797,0.011792,0.017853,0.023972,0.030140,0.036347,0.042579,0.048820,0.055052,0.061251,0.067391,0.073442,0.079369,0.085135,0.090697,0.096007,0.101015,0.105667,0.109906,0.113673,0.116908,0.119550,0.121542,0.122828,0.123354,0.123076,0.121953,0.119956,0.117061,0.113258,0.108532,0.103003,0.095676,0.095676,
-0.126218,-0.126218,-0.132339,-0.136950,-0.140907,-0.144130,-0.146656,-0.148513,-0.149738,-0.150371,-0.150455,-0.150032,-0.149143,-0.147830,-0.146131,-0.144083,-0.141719,-0.139069,-0.136162,-0.133023,-0.129673,-0.126132,-0.122418,-0.118546,-0.114528,-0.110376,-0.106101,-0.101709,-0.097209,-0.092607,-0.087906,-0.083112,-0.078227,-0.073254,-0.068195,-0.063050,-0.057821,-0.052508,-0.047112,-0.041630,-0.036063,-0.030411,-0.024672,-0.018846,-0.012932,-0.006932,-0.000844,0.005328,0.011582,0.017916,0.024322,0.030794,0.037323,0.043895,0.050496,0.057108,0.063708,0.070269,0.076762,0.083150,0.089394,0.095449,0.101263,0.106784,0.111951,0.116702,0.120971,0.124689,0.127790,0.130204,0.131867,0.132716,0.132697,0.131762,0.129870,0.126994,0.123117,0.118218,0.112424,0.104672,0.104672,
-0.135456,-0.135456,-0.141896,-0.146709,-0.150800,-0.154088,-0.156613,-0.158412,-0.159528,-0.160008,-0.159901,-0.159255,-0.158119,-0.156540,-0.154561,-0.152223,-0.149563,-0.146616,-0.143411,-0.139976,-0.136334,-0.132507,-0.128513,-0.124367,-0.120083,-0.115672,-0.111145,-0.106510,-0.101772,-0.096939,-0.092014,-0.087001,-0.081903,-0.076721,-0.071456,-0.066110,-0.060682,-0.055170,-0.049575,-0.043895,-0.038128,-0.032273,-0.026327,-0.020288,-0.014156,-0.007927,-0.001603,0.004817,0.011333,0.017942,0.024640,0.031422,0.038279,0.045200,0.052173,0.059179,0.066196,0.073200,0.080159,0.087036,0.093791,0.100376,0.106738,0.112818,0.118551,0.123869,0.128698,0.132962,0.136584,0.139484,0.141587,0.142821,0.143119,0.142421,0.140680,0.137858,0.133930,0.128872,0.122813,0.114620,0.114620,
-0.145496,-0.145496,-0.152273,-0.157291,-0.161508,-0.164844,-0.167346,-0.169056,-0.170027,-0.170312,-0.169970,-0.169058,-0.167630,-0.165740,-0.163437,-0.160767,-0.157772,-0.154489,-0.150951,-0.147188,-0.143225,-0.139084,-0.134785,-0.130343,-0.125773,-0.121085,-0.116291,-0.111397,-0.106411,-0.101337,-0.096178,-0.090940,-0.085622,-0.080226,-0.074752,-0.069201,-0.063571,-0.057860,-0.052066,-0.046187,-0.040220,-0.034162,-0.028010,-0.021760,-0.015409,-0.008955,-0.002394,0.004275,0.011052,0.017938,0.024931,0.032026,0.039217,0.046496,0.053851,0.061264,0.068716,0.076182,0.083631,0.091027,0.098326,0.105481,0.112433,0.119121,0.125476,0.131420,0.136874,0.141752,0.145965,0.149424,0.152040,0.153729,0.154409,0.154011,0.152473,0.149747,0.145801,0.140602,0.134281,0.125634,0.125634,
-0.156424,-0.156424,-0.163555,-0.168777,-0.173112,-0.176474,-0.178921,-0.180505,-0.181285,-0.181328,-0.180700,-0.179468,-0.177695,-0.175442,-0.172765,-0.169716,-0.166340,-0.162679,-0.158769,-0.154642,-0.150325,-0.145841,-0.141210,-0.136448,-0.131571,-0.126588,-0.121511,-0.116345,-0.111097,-0.105772,-0.100372,-0.094900,-0.089357,-0.083743,-0.078058,-0.072299,-0.066466,-0.060554,-0.054562,-0.048485,-0.042320,-0.036061,-0.029704,-0.023245,-0.016678,-0.009999,-0.003204,0.003712,0.010751,0.017914,0.025202,0.032613,0.040144,0.047787,0.055532,0.063365,0.071267,0.079214,0.087177,0.095120,0.102998,0.110761,0.118350,0.125699,0.132732,0.139368,0.145517,0.151083,0.155967,0.160066,0.163278,0.165503,0.166645,0.166618,0.165347,0.162770,0.158845,0.153528,0.146954,0.137840,0.137840,
-0.168334,-0.168334,-0.175837,-0.181264,-0.185701,-0.189063,-0.191417,-0.192825,-0.193362,-0.193103,-0.192128,-0.190513,-0.188333,-0.185656,-0.182547,-0.179063,-0.175256,-0.171170,-0.166845,-0.162314,-0.157607,-0.152748,-0.147757,-0.142652,-0.137445,-0.132149,-0.126771,-0.121320,-0.115799,-0.110213,-0.104564,-0.098853,-0.093080,-0.087245,-0.081344,-0.075377,-0.069340,-0.063229,-0.057040,-0.050767,-0.044405,-0.037948,-0.031390,-0.024725,-0.017945,-0.011045,-0.004018,0.003142,0.010440,0.017879,0.025463,0.033192,0.041064,0.049076,0.057219,0.065483,0.073849,0.082296,0.090796,0.099313,0.107803,0.116216,0.124489,0.132553,0.140328,0.147724,0.154644,0.160982,0.166625,0.171457,0.175360,0.178214,0.179909,0.180338,0.179410,0.177046,0.173190,0.167787,0.160974,0.151382,0.151382,
-0.181337,-0.181337,-0.189231,-0.194860,-0.199379,-0.202704,-0.204916,-0.206092,-0.206317,-0.205686,-0.204289,-0.202218,-0.199558,-0.196388,-0.192780,-0.188800,-0.184503,-0.179939,-0.175150,-0.170174,-0.165039,-0.159771,-0.154391,-0.148916,-0.143358,-0.137728,-0.132035,-0.126284,-0.120480,-0.114624,-0.108719,-0.102763,-0.096756,-0.090697,-0.084581,-0.078405,-0.072166,-0.065856,-0.059472,-0.053006,-0.046451,-0.039800,-0.033045,-0.026178,-0.019191,-0.012074,-0.004819,0.002581,0.010134,0.017847,0.025724,0.033770,0.041986,0.050370,0.058917,0.067620,0.076463,0.085427,0.094485,0.103604,0.112741,0.121843,0.130849,0.139685,0.148267,0.156499,0.164273,0.171474,0.177975,0.183643,0.188343,0.191936,0.194289,0.195276,0.194782,0.192709,0.188985,0.183537,0.176502,0.166423,0.166423,
-0.195561,-0.195561,-0.203868,-0.209692,-0.214264,-0.217508,-0.219516,-0.220385,-0.220218,-0.219127,-0.217221,-0.214606,-0.211380,-0.207636,-0.203454,-0.198906,-0.194055,-0.188955,-0.183652,-0.178182,-0.172579,-0.166867,-0.161067,-0.155195,-0.149264,-0.143282,-0.137258,-0.131195,-0.125097,-0.118964,-0.112796,-0.106592,-0.100349,-0.094064,-0.087733,-0.081350,-0.074910,-0.068406,-0.061830,-0.055176,-0.048433,-0.041593,-0.034647,-0.027584,-0.020394,-0.013066,-0.005590,0.002045,0.009848,0.017830,0.025997,0.034358,0.042917,0.051674,0.060630,0.069779,0.079109,0.088605,0.098243,0.107990,0.117807,0.127640,0.137429,0.147096,0.156553,0.165699,0.174418,0.182582,0.190049,0.196671,0.202290,0.206747,0.209884,0.211547,0.211597,0.209911,0.206394,0.200955,0.193725,0.183152,0.183152,
-0.211155,-0.211155,-0.219898,-0.225905,-0.230495,-0.233596,-0.235323,-0.235793,-0.235134,-0.233479,-0.230958,-0.227695,-0.223805,-0.219392,-0.214548,-0.209354,-0.203877,-0.198178,-0.192302,-0.186291,-0.180177,-0.173984,-0.167732,-0.161437,-0.155111,-0.148760,-0.142390,-0.136004,-0.129603,-0.123186,-0.116752,-0.110298,-0.103818,-0.097309,-0.090765,-0.084178,-0.077541,-0.070846,-0.064085,-0.057247,-0.050323,-0.043301,-0.036170,-0.028918,-0.021534,-0.014002,-0.006312,0.001550,0.009598,0.017842,0.026295,0.034967,0.043866,0.052997,0.062363,0.071963,0.081789,0.091830,0.102065,0.112466,0.122994,0.133600,0.144221,0.154780,0.165185,0.175330,0.185090,0.194325,0.202880,0.210587,0.217266,0.222731,0.226796,0.229278,0.230004,0.228822,0.225607,0.220244,0.212856,0.201787,0.201787,
-0.228299,-0.228299,-0.237502,-0.243673,-0.248229,-0.251109,-0.252456,-0.252413,-0.251138,-0.248792,-0.245529,-0.241496,-0.236826,-0.231637,-0.226033,-0.220104,-0.213923,-0.207554,-0.201047,-0.194442,-0.187772,-0.181060,-0.174326,-0.167583,-0.160840,-0.154104,-0.147376,-0.140657,-0.133947,-0.127243,-0.120541,-0.113836,-0.107121,-0.100391,-0.093636,-0.086850,-0.080022,-0.073144,-0.066203,-0.059190,-0.052092,-0.044896,-0.037590,-0.030158,-0.022587,-0.014862,-0.006966,0.001116,0.009399,0.017899,0.026630,0.035607,0.044841,0.054343,0.064119,0.074172,0.084501,0.095098,0.105947,0.117024,0.128295,0.139712,0.151215,0.162728,0.174157,0.185389,0.196294,0.206720,0.216497,0.225436,0.233333,0.239974,0.245139,0.248607,0.250169,0.249633,0.246839,0.241639,0.234143,0.222580,0.222580,
-0.247206,-0.247206,-0.256893,-0.263200,-0.267654,-0.270211,-0.271049,-0.270350,-0.268308,-0.265117,-0.260961,-0.256013,-0.250428,-0.244340,-0.237865,-0.231102,-0.224132,-0.217019,-0.209816,-0.202563,-0.195292,-0.188026,-0.180779,-0.173564,-0.166387,-0.159250,-0.152154,-0.145097,-0.138074,-0.131082,-0.124112,-0.117159,-0.110213,-0.103266,-0.096309,-0.089330,-0.082319,-0.075265,-0.068155,-0.060976,-0.053714,-0.046354,-0.038882,-0.031280,-0.023534,-0.015624,-0.007533,0.000758,0.009266,0.018012,0.027013,0.036287,0.045851,0.055718,0.065901,0.076408,0.087243,0.098403,0.109880,0.121654,0.133695,0.145962,0.158397,0.170926,0.183454,0.195868,0.208028,0.219775,0.230921,0.241257,0.250554,0.258564,0.265028,0.269684,0.272275,0.272562,0.270338,0.265412,0.257873,0.245825,0.245825,
-0.268135,-0.268135,-0.278331,-0.284729,-0.288986,-0.291087,-0.291255,-0.289719,-0.286721,-0.282497,-0.277268,-0.271236,-0.264580,-0.257453,-0.249984,-0.242280,-0.234426,-0.226491,-0.218526,-0.210572,-0.202656,-0.194799,-0.187012,-0.179304,-0.171677,-0.164130,-0.156660,-0.149260,-0.141925,-0.134646,-0.127413,-0.120218,-0.113048,-0.105893,-0.098741,-0.091580,-0.084397,-0.077178,-0.069908,-0.062574,-0.055160,-0.047648,-0.040022,-0.032263,-0.024352,-0.016270,-0.007996,0.000491,0.009214,0.018194,0.027454,0.037015,0.046899,0.057124,0.067708,0.078666,0.090008,0.101736,0.113850,0.126337,0.139175,0.152327,0.165742,0.179348,0.193055,0.206747,0.220281,0.233487,0.246164,0.258083,0.268986,0.278588,0.286587,0.292671,0.296526,0.297853,0.296387,0.291879,0.284387,0.271872,0.271872,
-0.291404,-0.291404,-0.302130,-0.308552,-0.312484,-0.313951,-0.313239,-0.310640,-0.306454,-0.300969,-0.294451,-0.287138,-0.279233,-0.270910,-0.262310,-0.253547,-0.244712,-0.235873,-0.227080,-0.218370,-0.209768,-0.201288,-0.192938,-0.184720,-0.176632,-0.168669,-0.160822,-0.153082,-0.145439,-0.137879,-0.130392,-0.122963,-0.115580,-0.108228,-0.100894,-0.093563,-0.086220,-0.078849,-0.071435,-0.063959,-0.056406,-0.048755,-0.040989,-0.033086,-0.025025,-0.016785,-0.008341,0.000329,0.009253,0.018454,0.027960,0.037795,0.047987,0.058560,0.069537,0.080940,0.092784,0.105082,0.117840,0.131053,0.144708,0.158777,0.173216,0.187960,0.202924,0.217993,0.233023,0.247838,0.262225,0.275933,0.288674,0.300127,0.309940,0.317740,0.323146,0.325785,0.325314,0.321412,0.314086,0.301135,0.301135,
-0.317409,-0.317409,-0.328677,-0.335024,-0.338454,-0.339050,-0.337186,-0.333236,-0.327575,-0.320555,-0.312493,-0.303667,-0.294311,-0.284616,-0.274736,-0.264791,-0.254873,-0.245047,-0.235362,-0.225847,-0.216520,-0.207390,-0.198458,-0.189720,-0.181167,-0.172787,-0.164568,-0.156495,-0.148552,-0.140724,-0.132994,-0.125346,-0.117764,-0.110231,-0.102730,-0.095245,-0.087758,-0.080251,-0.072707,-0.065106,-0.057429,-0.049655,-0.041764,-0.033733,-0.025538,-0.017155,-0.008558,0.000281,0.009389,0.018796,0.028532,0.038628,0.049114,0.060021,0.071379,0.083215,0.095555,0.108418,0.121820,0.135768,0.150256,0.165269,0.180772,0.196712,0.213009,0.229555,0.246210,0.262793,0.279081,0.294805,0.309650,0.323253,0.335206,0.345069,0.352379,0.356670,0.357500,0.354449,0.347452,0.334117,0.334117,
-0.346646,-0.346646,-0.358453,-0.364576,-0.367256,-0.366667,-0.363299,-0.357634,-0.350142,-0.341254,-0.331348,-0.320745,-0.309708,-0.298448,-0.287129,-0.275873,-0.264769,-0.253878,-0.243239,-0.232875,-0.222793,-0.212995,-0.203471,-0.194209,-0.185193,-0.176404,-0.167823,-0.159430,-0.151203,-0.143123,-0.135169,-0.127320,-0.119558,-0.111863,-0.104214,-0.096594,-0.088981,-0.081357,-0.073702,-0.065993,-0.058211,-0.050333,-0.042335,-0.034193,-0.025881,-0.017372,-0.008639,0.000350,0.009626,0.019221,0.029169,0.039507,0.050269,0.061494,0.073216,0.085472,0.098294,0.111714,0.125756,0.140439,0.155770,0.171747,0.188348,0.205534,0.223237,0.241360,0.259768,0.278284,0.296680,0.314673,0.331920,0.348016,0.362495,0.374839,0.384487,0.390858,0.393384,0.391511,0.385067,0.371430,0.371430,
-0.379752,-0.379752,-0.392062,-0.397739,-0.399322,-0.397123,-0.391790,-0.383949,-0.374189,-0.363034,-0.350931,-0.338248,-0.325278,-0.312247,-0.299322,-0.286625,-0.274236,-0.262206,-0.250561,-0.239313,-0.228457,-0.217980,-0.207864,-0.198086,-0.188619,-0.179437,-0.170513,-0.161820,-0.153332,-0.145023,-0.136868,-0.128842,-0.120924,-0.113089,-0.105316,-0.097583,-0.089867,-0.082148,-0.074402,-0.066607,-0.058740,-0.050777,-0.042691,-0.034458,-0.026049,-0.017434,-0.008584,0.000536,0.009958,0.019721,0.029862,0.040420,0.051438,0.062959,0.075025,0.087680,0.100968,0.114928,0.129597,0.145008,0.161184,0.178136,0.195860,0.214334,0.233508,0.253301,0.273592,0.294212,0.314935,0.335469,0.355451,0.374435,0.391894,0.407223,0.419746,0.428741,0.433476,0.433219,0.427642,0.413836,0.413836,
-0.417553,-0.417553,-0.430273,-0.435164,-0.435160,-0.430776,-0.422878,-0.412277,-0.399711,-0.385812,-0.371105,-0.356003,-0.340825,-0.325805,-0.311108,-0.296844,-0.283080,-0.269849,-0.257161,-0.245008,-0.233371,-0.222221,-0.211525,-0.201248,-0.191353,-0.181804,-0.172566,-0.163603,-0.154883,-0.146374,-0.138048,-0.129875,-0.121829,-0.113883,-0.106012,-0.098192,-0.090399,-0.082608,-0.074796,-0.066938,-0.059009,-0.050982,-0.042831,-0.034528,-0.026043,-0.017344,-0.008399,0.000829,0.010376,0.020283,0.030592,0.041348,0.052596,0.064387,0.076771,0.089801,0.103528,0.118005,0.133281,0.149404,0.166414,0.184340,0.203200,0.222992,0.243691,0.265239,0.287534,0.310427,0.333703,0.357073,0.380157,0.402479,0.423449,0.442370,0.458434,0.470747,0.478367,0.480323,0.476057,0.462294,0.462294,
-0.461136,-0.461136,-0.474067,-0.477658,-0.475368,-0.468017,-0.456768,-0.442671,-0.426642,-0.409440,-0.391664,-0.373772,-0.356095,-0.338867,-0.322237,-0.306294,-0.291080,-0.276606,-0.262854,-0.249795,-0.237388,-0.225585,-0.214337,-0.203595,-0.193308,-0.183429,-0.173914,-0.164719,-0.155805,-0.147135,-0.138673,-0.130388,-0.122247,-0.114222,-0.106285,-0.098408,-0.090566,-0.082732,-0.074880,-0.066984,-0.059017,-0.050952,-0.042760,-0.034411,-0.025874,-0.017114,-0.008098,0.001214,0.010861,0.020886,0.031336,0.042260,0.053710,0.065741,0.078412,0.091782,0.105916,0.120877,0.136729,0.153536,0.171355,0.190240,0.210232,0.231356,0.253616,0.276985,0.301394,0.326722,0.352779,0.379290,0.405877,0.432041,0.457140,0.480381,0.500811,0.517331,0.528732,0.533722,0.531409,0.518033,0.518033,
-0.511961,-0.511961,-0.524712,-0.526212,-0.520637,-0.509254,-0.493627,-0.475109,-0.454827,-0.433670,-0.412310,-0.391230,-0.370761,-0.351114,-0.332409,-0.314699,-0.297989,-0.282253,-0.267444,-0.253501,-0.240357,-0.227943,-0.216189,-0.205030,-0.194401,-0.184242,-0.174499,-0.165121,-0.156059,-0.147272,-0.138717,-0.130360,-0.122163,-0.114096,-0.106127,-0.098227,-0.090367,-0.082520,-0.074657,-0.066751,-0.058774,-0.050697,-0.042489,-0.034120,-0.025556,-0.016763,-0.007702,0.001666,0.011384,0.021499,0.032060,0.043120,0.054736,0.066971,0.079890,0.093561,0.108060,0.123461,0.139845,0.157292,0.175881,0.195691,0.216789,0.239235,0.263069,0.288302,0.314910,0.342814,0.371868,0.401830,0.432344,0.462908,0.492845,0.521274,0.547090,0.568956,0.585333,0.594501,0.595082,0.582660,0.582660,
-0.572016,-0.572016,-0.583856,-0.582045,-0.571741,-0.554873,-0.533536,-0.509450,-0.483975,-0.458127,-0.432626,-0.407955,-0.384414,-0.362166,-0.341278,-0.321748,-0.303531,-0.286553,-0.270724,-0.255949,-0.242128,-0.229167,-0.216974,-0.205465,-0.194559,-0.184184,-0.174274,-0.164770,-0.155615,-0.146762,-0.138164,-0.129780,-0.121571,-0.113502,-0.105540,-0.097653,-0.089810,-0.081982,-0.074139,-0.066254,-0.058296,-0.050235,-0.042040,-0.033679,-0.025117,-0.016317,-0.007241,0.002154,0.011912,0.022083,0.032720,0.043878,0.055622,0.068018,0.081138,0.095062,0.109872,0.125658,0.142515,0.160542,0.179842,0.200517,0.222671,0.246399,0.271784,0.298889,0.327745,0.358334,0.390572,0.424279,0.459150,0.494713,0.530285,0.564923,0.597375,0.626049,0.649002,0.663957,0.668832,0.658319,0.658319,
-0.644060,-0.644060,-0.653641,-0.646621,-0.629504,-0.605177,-0.576413,-0.545359,-0.513605,-0.482260,-0.452046,-0.423401,-0.396549,-0.371570,-0.348446,-0.327100,-0.307415,-0.289258,-0.272488,-0.256967,-0.242561,-0.229143,-0.216600,-0.204825,-0.193723,-0.183209,-0.173205,-0.163642,-0.154458,-0.145597,-0.137010,-0.128651,-0.120477,-0.112451,-0.104537,-0.096701,-0.088912,-0.081138,-0.073349,-0.065516,-0.057608,-0.049594,-0.041441,-0.033117,-0.024586,-0.015811,-0.006751,0.002638,0.012402,0.022592,0.033265,0.044480,0.056305,0.068812,0.082080,0.096196,0.111253,0.127354,0.144609,0.163136,0.183062,0.204519,0.227643,0.252573,0.279445,0.308379,0.339479,0.372806,0.408365,0.446070,0.485706,0.526880,0.568956,0.610976,0.651581,0.688919,0.720593,0.743614,0.754896,0.747918,0.747918,
-0.731980,-0.731980,-0.736843,-0.721650,-0.694714,-0.660266,-0.621901,-0.582213,-0.542969,-0.505291,-0.469826,-0.436887,-0.406564,-0.378805,-0.353473,-0.330384,-0.309334,-0.290118,-0.272535,-0.256395,-0.241526,-0.227771,-0.214989,-0.203054,-0.191854,-0.181290,-0.171274,-0.161729,-0.152586,-0.143783,-0.135266,-0.126986,-0.118898,-0.110962,-0.103140,-0.095397,-0.087700,-0.080017,-0.072317,-0.064569,-0.056743,-0.048807,-0.040729,-0.032473,-0.024006,-0.015288,-0.006277,0.003069,0.012801,0.022971,0.033636,0.044860,0.056714,0.069275,0.082627,0.096866,0.112093,0.128423,0.145983,0.164908,0.185348,0.207467,0.231438,0.257446,0.285682,0.316340,0.349606,0.385643,0.424573,0.466445,0.511189,0.558555,0.608033,0.658741,0.709288,0.757622,0.800872,0.835197,0.856111,0.855483,0.855483,
-0.841322,-0.841322,-0.836994,-0.809002,-0.767935,-0.719834,-0.669191,-0.618964,-0.570960,-0.526163,-0.485010,-0.447584,-0.413759,-0.383292,-0.355884,-0.331220,-0.308988,-0.288898,-0.270679,-0.254092,-0.238921,-0.224976,-0.212090,-0.200118,-0.188932,-0.178420,-0.168486,-0.159043,-0.150016,-0.141341,-0.132958,-0.124816,-0.116867,-0.109070,-0.101385,-0.093777,-0.086211,-0.078656,-0.071081,-0.063453,-0.055742,-0.047917,-0.039945,-0.031792,-0.023421,-0.014794,-0.005870,0.003397,0.013055,0.023159,0.033768,0.044949,0.056773,0.069323,0.082687,0.096967,0.112273,0.128731,0.146480,0.165676,0.186490,0.209115,0.233764,0.260667,0.290080,0.322273,0.357529,0.396135,0.438361,0.484435,0.534495,0.588525,0.646254,0.707012,0.769539,0.831725,0.890303,0.940515,0.976001,0.986657,0.986657,
-0.980050,-0.980050,-0.958427,-0.910446,-0.849156,-0.782845,-0.716766,-0.653972,-0.596013,-0.543485,-0.496415,-0.454518,-0.417349,-0.384410,-0.355197,-0.329236,-0.306094,-0.285384,-0.266768,-0.249949,-0.234670,-0.220710,-0.207878,-0.196010,-0.184963,-0.174616,-0.164863,-0.155612,-0.146784,-0.138309,-0.130126,-0.122181,-0.114426,-0.106818,-0.099316,-0.091886,-0.084492,-0.077103,-0.069687,-0.062214,-0.054653,-0.046972,-0.039139,-0.031121,-0.022882,-0.014383,-0.005584,0.003562,0.013103,0.023094,0.033595,0.044673,0.056403,0.068868,0.082162,0.096391,0.111671,0.128138,0.145943,0.165255,0.186270,0.209206,0.234311,0.261866,0.292187,0.325627,0.362577,0.403461,0.448729,0.498833,0.554193,0.615133,0.681773,0.753864,0.830536,0.909921,0.988631,1.061133,1.118752,1.149410,1.149410,
-1.159536,-1.159536,-1.106020,-1.027024,-0.937144,-0.847020,-0.762062,-0.684799,-0.616003,-0.555498,-0.502638,-0.456593,-0.416496,-0.381526,-0.350941,-0.324089,-0.300406,-0.279410,-0.260690,-0.243898,-0.228739,-0.214965,-0.202362,-0.190751,-0.179980,-0.169917,-0.160452,-0.151487,-0.142941,-0.134740,-0.126824,-0.119137,-0.111630,-0.104260,-0.096988,-0.089777,-0.082595,-0.075408,-0.068188,-0.060904,-0.053525,-0.046022,-0.038363,-0.030515,-0.022443,-0.014110,-0.005475,0.003507,0.012884,0.022710,0.033046,0.043958,0.055522,0.067823,0.080957,0.095031,0.110168,0.126509,0.144213,0.163464,0.184472,0.207480,0.232769,0.260663,0.291536,0.325823,0.364024,0.406711,0.454533,0.508208,0.568508,0.636214,0.712023,0.796386,0.889220,0.989432,1.094135,1.197638,1.288824,1.354895,1.354895,
-1.395596,-1.395596,-1.284230,-1.157763,-1.028374,-0.908129,-0.801073,-0.708039,-0.628208,-0.560110,-0.502112,-0.452662,-0.410373,-0.374058,-0.342715,-0.315511,-0.291754,-0.270873,-0.252394,-0.235927,-0.221143,-0.207773,-0.195589,-0.184400,-0.174046,-0.164392,-0.155322,-0.146738,-0.138556,-0.130705,-0.123122,-0.115751,-0.108545,-0.101462,-0.094463,-0.087512,-0.080579,-0.073631,-0.066641,-0.059578,-0.052416,-0.045123,-0.037670,-0.030027,-0.022158,-0.014029,-0.005599,0.003174,0.012338,0.021946,0.032056,0.042735,0.054059,0.066109,0.078983,0.092790,0.107654,0.123719,0.141149,0.160135,0.180901,0.203705,0.228853,0.256704,0.287683,0.322296,0.361144,0.404944,0.454547,0.510960,0.575359,0.649087,0.733615,0.830427,0.940774,1.065167,1.202396,1.348149,1.489717,1.618216,1.618216,
-1.708135,-1.708135,-1.493903,-1.296675,-1.114966,-0.958779,-0.827727,-0.719042,-0.629211,-0.554874,-0.493119,-0.441535,-0.398169,-0.361460,-0.330160,-0.303273,-0.280001,-0.259702,-0.241856,-0.226039,-0.211907,-0.199175,-0.187607,-0.177009,-0.167219,-0.158098,-0.149532,-0.141423,-0.133690,-0.126260,-0.119073,-0.112076,-0.105223,-0.098473,-0.091789,-0.085138,-0.078490,-0.071817,-0.065090,-0.058282,-0.051367,-0.044318,-0.037106,-0.029702,-0.022074,-0.014188,-0.006006,0.002511,0.011411,0.020742,0.030564,0.040938,0.051938,0.063645,0.076154,0.089571,0.104021,0.119645,0.136608,0.155105,0.175362,0.197647,0.222278,0.249638,0.280186,0.314480,0.353200,0.397184,0.447466,0.505327,0.572356,0.650512,0.742188,0.850228,0.977843,1.128292,1.303956,1.504982,1.720287,1.957464,1.957464,
-2.120374,-2.120374,-1.729328,-1.431244,-1.184860,-0.989574,-0.835434,-0.713489,-0.616344,-0.538261,-0.474881,-0.422920,-0.379899,-0.343938,-0.313596,-0.287763,-0.265569,-0.246333,-0.229511,-0.214668,-0.201453,-0.189579,-0.178813,-0.168960,-0.159862,-0.151385,-0.143416,-0.135862,-0.128644,-0.121693,-0.114953,-0.108373,-0.101910,-0.095526,-0.089187,-0.082862,-0.076524,-0.070146,-0.063703,-0.057170,-0.050523,-0.043738,-0.036788,-0.029646,-0.022283,-0.014667,-0.006764,0.001465,0.010062,0.019074,0.028556,0.038568,0.049178,0.060464,0.072516,0.085437,0.099346,0.114380,0.130700,0.148495,0.167989,0.189446,0.213186,0.239596,0.269148,0.302423,0.340146,0.383231,0.432837,0.490459,0.558033,0.638093,0.733970,0.850045,0.992023,1.167161,1.384055,1.652464,1.970785,2.391578,2.391578,
-2.599048,-2.599048,-1.925430,-1.503847,-1.194959,-0.969742,-0.802296,-0.675499,-0.577730,-0.501059,-0.439994,-0.390667,-0.350307,-0.316891,-0.288918,-0.265257,-0.245040,-0.227597,-0.212400,-0.199029,-0.187149,-0.176489,-0.166828,-0.157985,-0.149811,-0.142181,-0.134993,-0.128160,-0.121609,-0.115279,-0.109117,-0.103078,-0.097125,-0.091221,-0.085339,-0.079450,-0.073531,-0.067557,-0.061508,-0.055362,-0.049098,-0.042693,-0.036125,-0.029370,-0.022402,-0.015194,-0.007713,0.000075,0.008207,0.016727,0.025683,0.035131,0.045133,0.055760,0.067095,0.079232,0.092280,0.106367,0.121640,0.138276,0.156482,0.176507,0.198651,0.223280,0.250844,0.281906,0.317175,0.357558,0.404235,0.458763,0.523231,0.600492,0.694512,0.810894,0.957681,1.146564,1.394508,1.727360,2.169455,2.879371,2.879371,
-3.410005,-3.410005,-2.280128,-1.670378,-1.275656,-1.009885,-0.822894,-0.686576,-0.584215,-0.505436,-0.443539,-0.394047,-0.353868,-0.320811,-0.293281,-0.270093,-0.250350,-0.233362,-0.218591,-0.205611,-0.194082,-0.183730,-0.174333,-0.165709,-0.157708,-0.150208,-0.143105,-0.136314,-0.129765,-0.123395,-0.117155,-0.111001,-0.104897,-0.098809,-0.092710,-0.086575,-0.080381,-0.074106,-0.067730,-0.061234,-0.054598,-0.047801,-0.040822,-0.033639,-0.026226,-0.018558,-0.010604,-0.002330,0.006300,0.015329,0.024804,0.034780,0.045318,0.056489,0.068373,0.081063,0.094669,0.109314,0.125146,0.142338,0.161092,0.181656,0.204323,0.229455,0.257495,0.289000,0.324674,0.365426,0.412451,0.467346,0.532303,0.610402,0.706099,0.826043,0.980515,1.186053,1.470312,1.883073,2.503503,3.668113,3.668113,
0.000000,0.000000,0.000000,0.000000,0.000000,0.000000,0.000000,0.000000,0.000000,0.000000,0.000000,0.000000,0.000000,0.000000,0.000000,0.000000,0.000000,0.000000,0.000000,0.000000,0.000000,0.000000,0.000000,0.000000,0.000000,0.000000,0.000000,0.000000,0.000000,0.000000,0.000000,0.000000,0.000000,0.000000,0.000000,0.000000,0.000000,0.000000,0.000000,0.000000,0.000000,0.000000,0.000000,0.000000,0.000000,0.000000,0.000000,0.000000,0.000000,0.000000,0.000000,0.000000,0.000000,0.000000,0.000000,0.000000,0.000000,0.000000,0.000000,0.000000,0.000000,0.000000,0.000000,0.000000,0.000000,0.000000,0.000000,0.000000,0.000000,0.000000,0.000000,0.000000,0.000000,0.000000,0.000000,0.000000,0.000000,0.000000,0.000000,0.000000,0.000000,
