-0.029125,-0.029125,-0.029262,-0.029551,-0.029964,-0.030468,-0.031030,-0.031619,-0.032210,-0.032779,-0.033309,-0.033784,-0.034190,-0.034519,-0.034760,-0.034908,-0.034958,-0.034907,-0.034752,-0.034492,-0.034127,-0.033658,-0.033085,-0.032411,-0.031638,-0.030770,-0.029810,-0.028762,-0.027629,-0.026418,-0.025132,-0.023778,-0.022360,-0.020884,-0.019357,-0.017784,-0.016172,-0.014528,-0.012858,-0.011169,-0.009468,-0.007762,-0.006059,-0.004367,-0.002691,-0.001040,0.000579,0.002158,0.003690,0.005168,0.006585,0.007935,0.009209,0.010403,0.011510,0.012525,0.013442,0.014258,0.014968,0.015569,0.016059,0.016436,0.016701,0.016852,0.016893,0.016826,0.016655,0.016387,0.016030,0.015592,0.015086,0.014526,0.013929,0.013315,0.012707,0.012133,0.011623,0.011209,0.010923,0.010793,0.010793,
-0.029125,-0.029125,-0.029262,-0.029551,-0.029964,-0.030468,-0.031030,-0.031619,-0.032210,-0.032779,-0.033309,-0.033784,-0.034190,-0.034519,-0.034760,-0.034908,-0.034958,-0.034907,-0.034752,-0.034492,-0.034127,-0.033658,-0.033085,-0.032411,-0.031638,-0.030770,-0.029810,-0.028762,-0.027629,-0.026418,-0.025132,-0.023778,-0.022360,-0.020884,-0.019357,-0.017784,-0.016172,-0.014528,-0.012858,-0.011169,-0.009468,-0.007762,-0.006059,-0.004367,-0.002691,-0.001040,0.000579,0.002158,0.003690,0.005168,0.006585,0.007935,0.009209,0.010403,0.011510,0.012525,0.013442,0.014258,0.014968,0.015569,0.016059,0.016436,0.016701,0.016852,0.016893,0.016826,0.016655,0.016387,0.016030,0.015592,0.015086,0.014526,0.013929,0.013315,0.012707,0.012133,0.011623,0.011209,0.010923,0.010793,0.010793,
-0.028988,-0.028988,-0.029125,-0.029385,-0.029745,-0.030180,-0.030662,-0.031168,-0.031676,-0.032166,-0.032621,-0.033028,-0.033373,-0.033648,-0.033844,-0.033956,-0.033977,-0.033905,-0.033736,-0.033471,-0.033107,-0.032645,-0.032087,-0.031434,-0.030687,-0.029851,-0.028927,-0.027920,-0.026833,-0.025672,-0.024439,-0.023142,-0.021784,-0.020371,-0.018909,-0.017403,-0.015861,-0.014288,-0.012690,-0.011074,-0.009447,-0.007817,-0.006188,-0.004570,-0.002968,-0.001389,0.000158,0.001667,0.003132,0.004546,0.005901,0.007191,0.008411,0.009554,0.010615,0.011589,0.012471,0.013257,0.013944,0.014529,0.015010,0.015386,0.015657,0.015823,0.015887,0.015851,0.015720,0.015501,0.015200,0.014827,0.014393,0.013911,0.013397,0.012869,0.012346,0.011852,0.011411,0.011049,0.010792,0.010662,0.010662,
-0.028698,-0.028698,-0.028864,-0.029125,-0.029468,-0.029869,-0.030308,-0.030765,-0.031220,-0.031658,-0.032063,-0.032422,-0.032725,-0.032961,-0.033125,-0.033209,-0.033209,-0.033121,-0.032942,-0.032672,-0.032309,-0.031854,-0.031306,-0.030669,-0.029942,-0.029130,-0.028235,-0.027260,-0.026210,-0.025087,-0.023897,-0.022644,-0.021333,-0.019970,-0.018559,-0.017107,-0.015619,-0.014102,-0.012561,-0.011003,-0.009435,-0.007862,-0.006292,-0.004732,-0.003188,-0.001666,-0.000175,0.001281,0.002693,0.004056,0.005363,0.006608,0.007786,0.008890,0.009916,0.010858,0.011713,0.012477,0.013147,0.013720,0.014194,0.014569,0.014844,0.015021,0.015102,0.015089,0.014987,0.014803,0.014542,0.014214,0.013829,0.013400,0.012940,0.012465,0.011992,0.011542,0.011135,0.010791,0.010533,0.010376,0.010376,
-0.028283,-0.028283,-0.028502,-0.028784,-0.029129,-0.029517,-0.029931,-0.030356,-0.030775,-0.031174,-0.031540,-0.031863,-0.032131,-0.032336,-0.032473,-0.032534,-0.032515,-0.032414,-0.032227,-0.031953,-0.031590,-0.031140,-0.030603,-0.029979,-0.029272,-0.028482,-0.027612,-0.026667,-0.025648,-0.024561,-0.023409,-0.022196,-0.020928,-0.019610,-0.018246,-0.016842,-0.015404,-0.013937,-0.012448,-0.010942,-0.009426,-0.007907,-0.006390,-0.004882,-0.003389,-0.001919,-0.000477,0.000930,0.002295,0.003613,0.004877,0.006082,0.007222,0.008292,0.009286,0.010201,0.011033,0.011777,0.012431,0.012993,0.013462,0.013835,0.014115,0.014301,0.014395,0.014401,0.014324,0.014167,0.013939,0.013646,0.013300,0.012910,0.012489,0.012051,0.011611,0.011186,0.010792,0.010447,0.010169,0.009961,0.009961,
-0.027773,-0.027773,-0.028064,-0.028383,-0.028746,-0.029138,-0.029545,-0.029953,-0.030350,-0.030724,-0.031063,-0.031358,-0.031600,-0.031782,-0.031897,-0.031940,-0.031907,-0.031795,-0.031601,-0.031324,-0.030963,-0.030517,-0.029989,-0.029378,-0.028686,-0.027915,-0.027068,-0.026148,-0.025158,-0.024102,-0.022983,-0.021806,-0.020576,-0.019297,-0.017974,-0.016613,-0.015218,-0.013796,-0.012353,-0.010893,-0.009423,-0.007950,-0.006479,-0.005017,-0.003570,-0.002144,-0.000746,0.000619,0.001943,0.003222,0.004450,0.005620,0.006728,0.007768,0.008736,0.009627,0.010438,0.011166,0.011807,0.012360,0.012823,0.013196,0.013478,0.013671,0.013776,0.013797,0.013738,0.013603,0.013399,0.013133,0.012814,0.012451,0.012056,0.011640,0.011216,0.010799,0.010401,0.010038,0.009724,0.009446,0.009446,
-0.027199,-0.027199,-0.027572,-0.027940,-0.028335,-0.028744,-0.029156,-0.029561,-0.029948,-0.030308,-0.030630,-0.030907,-0.031130,-0.031295,-0.031394,-0.031423,-0.031379,-0.031259,-0.031060,-0.030780,-0.030420,-0.029980,-0.029459,-0.028859,-0.028181,-0.027427,-0.026599,-0.025702,-0.024736,-0.023707,-0.022618,-0.021472,-0.020275,-0.019030,-0.017743,-0.016419,-0.015063,-0.013679,-0.012275,-0.010856,-0.009426,-0.007993,-0.006562,-0.005140,-0.003732,-0.002344,-0.000983,0.000345,0.001635,0.002881,0.004077,0.005218,0.006298,0.007313,0.008259,0.009130,0.009925,0.010638,0.011269,0.011814,0.012272,0.012644,0.012928,0.013126,0.013240,0.013272,0.013226,0.013106,0.012919,0.012671,0.012370,0.012023,0.011642,0.011235,0.010814,0.010391,0.009977,0.009581,0.009219,0.008861,0.008861,
-0.026588,-0.026588,-0.027050,-0.027474,-0.027911,-0.028347,-0.028775,-0.029187,-0.029574,-0.029929,-0.030243,-0.030509,-0.030721,-0.030874,-0.030962,-0.030982,-0.030930,-0.030803,-0.030601,-0.030320,-0.029962,-0.029525,-0.029011,-0.028420,-0.027754,-0.027015,-0.026204,-0.025326,-0.024382,-0.023376,-0.022311,-0.021192,-0.020023,-0.018808,-0.017552,-0.016260,-0.014936,-0.013586,-0.012216,-0.010830,-0.009435,-0.008036,-0.006640,-0.005251,-0.003876,-0.002520,-0.001191,0.000107,0.001368,0.002586,0.003756,0.004872,0.005930,0.006925,0.007852,0.008707,0.009488,0.010190,0.010811,0.011350,0.011805,0.012175,0.012460,0.012662,0.012781,0.012821,0.012784,0.012675,0.012499,0.012261,0.011969,0.011629,0.011252,0.010844,0.010415,0.009975,0.009533,0.009096,0.008678,0.008232,0.008232,
-0.025963,-0.025963,-0.026516,-0.027003,-0.027488,-0.027959,-0.028411,-0.028838,-0.029234,-0.029591,-0.029904,-0.030167,-0.030373,-0.030520,-0.030601,-0.030615,-0.030558,-0.030428,-0.030223,-0.029942,-0.029585,-0.029152,-0.028644,-0.028061,-0.027405,-0.026678,-0.025882,-0.025019,-0.024093,-0.023106,-0.022063,-0.020967,-0.019821,-0.018631,-0.017401,-0.016136,-0.014839,-0.013517,-0.012175,-0.010818,-0.009451,-0.008081,-0.006712,-0.005351,-0.004003,-0.002675,-0.001371,-0.000097,0.001140,0.002336,0.003485,0.004581,0.005621,0.006599,0.007512,0.008355,0.009124,0.009818,0.010432,0.010966,0.011418,0.011787,0.012073,0.012276,0.012399,0.012443,0.012412,0.012308,0.012136,0.011903,0.011613,0.011273,0.010890,0.010473,0.010027,0.009562,0.009083,0.008598,0.008118,0.007582,0.007582,
-0.025344,-0.025344,-0.025989,-0.026540,-0.027078,-0.027590,-0.028073,-0.028522,-0.028933,-0.029300,-0.029618,-0.029882,-0.030088,-0.030232,-0.030311,-0.030322,-0.030262,-0.030130,-0.029924,-0.029644,-0.029289,-0.028859,-0.028356,-0.027780,-0.027132,-0.026415,-0.025630,-0.024781,-0.023869,-0.022899,-0.021872,-0.020795,-0.019669,-0.018499,-0.017290,-0.016046,-0.014772,-0.013472,-0.012153,-0.010819,-0.009475,-0.008128,-0.006781,-0.005442,-0.004116,-0.002808,-0.001524,-0.000270,0.000949,0.002127,0.003260,0.004342,0.005368,0.006334,0.007236,0.008070,0.008832,0.009519,0.010128,0.010659,0.011108,0.011476,0.011762,0.011967,0.012091,0.012137,0.012107,0.012005,0.011834,0.011599,0.011305,0.010957,0.010563,0.010128,0.009658,0.009161,0.008640,0.008102,0.007557,0.006930,0.006930,
-0.024747,-0.024747,-0.025483,-0.026101,-0.026694,-0.027251,-0.027769,-0.028246,-0.028677,-0.029059,-0.029387,-0.029658,-0.029868,-0.030014,-0.030093,-0.030104,-0.030044,-0.029911,-0.029705,-0.029426,-0.029073,-0.028646,-0.028147,-0.027576,-0.026934,-0.026225,-0.025449,-0.024610,-0.023710,-0.022752,-0.021739,-0.020676,-0.019565,-0.018411,-0.017218,-0.015991,-0.014734,-0.013453,-0.012151,-0.010834,-0.009508,-0.008178,-0.006848,-0.005526,-0.004216,-0.002923,-0.001654,-0.000414,0.000792,0.001959,0.003080,0.004152,0.005169,0.006127,0.007022,0.007850,0.008607,0.009290,0.009897,0.010425,0.010874,0.011241,0.011527,0.011732,0.011856,0.011902,0.011871,0.011766,0.011591,0.011350,0.011047,0.010687,0.010275,0.009817,0.009317,0.008782,0.008215,0.007620,0.007008,0.006291,0.006291,
-0.024186,-0.024186,-0.025012,-0.025696,-0.026347,-0.026952,-0.027509,-0.028017,-0.028473,-0.028873,-0.029216,-0.029497,-0.029715,-0.029866,-0.029949,-0.029961,-0.029903,-0.029771,-0.029566,-0.029288,-0.028937,-0.028512,-0.028016,-0.027449,-0.026812,-0.026108,-0.025339,-0.024507,-0.023615,-0.022666,-0.021663,-0.020610,-0.019510,-0.018368,-0.017187,-0.015972,-0.014728,-0.013458,-0.012169,-0.010865,-0.009551,-0.008232,-0.006914,-0.005603,-0.004303,-0.003020,-0.001761,-0.000529,0.000669,0.001828,0.002943,0.004010,0.005022,0.005976,0.006868,0.007693,0.008448,0.009130,0.009736,0.010264,0.010713,0.011080,0.011366,0.011570,0.011694,0.011737,0.011703,0.011593,0.011411,0.011160,0.010843,0.010466,0.010032,0.009545,0.009012,0.008434,0.007818,0.007163,0.006484,0.005678,0.005678,
-0.023672,-0.023672,-0.024585,-0.025337,-0.026046,-0.026700,-0.027300,-0.027842,-0.028326,-0.028749,-0.029109,-0.029404,-0.029632,-0.029791,-0.029880,-0.029896,-0.029840,-0.029711,-0.029508,-0.029231,-0.028881,-0.028458,-0.027963,-0.027399,-0.026765,-0.026065,-0.025299,-0.024472,-0.023585,-0.022642,-0.021645,-0.020598,-0.019506,-0.018370,-0.017197,-0.015989,-0.014752,-0.013490,-0.012208,-0.010911,-0.009604,-0.008292,-0.006980,-0.005675,-0.004380,-0.003102,-0.001846,-0.000618,0.000577,0.001734,0.002848,0.003913,0.004925,0.005879,0.006771,0.007597,0.008354,0.009037,0.009645,0.010175,0.010624,0.010992,0.011278,0.011482,0.011604,0.011644,0.011605,0.011487,0.011295,0.011030,0.010697,0.010298,0.009838,0.009320,0.008748,0.008126,0.007457,0.006742,0.005995,0.005102,0.005102,
-0.023216,-0.023216,-0.024214,-0.025032,-0.025801,-0.026506,-0.027149,-0.027728,-0.028243,-0.028691,-0.029071,-0.029383,-0.029624,-0.029793,-0.029889,-0.029911,-0.029859,-0.029732,-0.029531,-0.029255,-0.028906,-0.028484,-0.027991,-0.027427,-0.026794,-0.026095,-0.025331,-0.024505,-0.023621,-0.022679,-0.021685,-0.020641,-0.019551,-0.018419,-0.017248,-0.016043,-0.014809,-0.013550,-0.012270,-0.010975,-0.009669,-0.008359,-0.007048,-0.005743,-0.004448,-0.003169,-0.001913,-0.000683,0.000515,0.001674,0.002791,0.003860,0.004876,0.005834,0.006731,0.007562,0.008322,0.009010,0.009622,0.010155,0.010607,0.010977,0.011264,0.011467,0.011586,0.011623,0.011577,0.011450,0.011246,0.010965,0.010611,0.010188,0.009698,0.009145,0.008533,0.007863,0.007140,0.006363,0.005549,0.004570,0.004570,
-0.022825,-0.022825,-0.023907,-0.024790,-0.025618,-0.026376,-0.027064,-0.027681,-0.028229,-0.028704,-0.029108,-0.029437,-0.029693,-0.029873,-0.029978,-0.030007,-0.029960,-0.029837,-0.029638,-0.029363,-0.029014,-0.028592,-0.028098,-0.027533,-0.026900,-0.026200,-0.025435,-0.024608,-0.023722,-0.022780,-0.021785,-0.020739,-0.019648,-0.018514,-0.017342,-0.016136,-0.014899,-0.013638,-0.012355,-0.011057,-0.009748,-0.008434,-0.007119,-0.005808,-0.004508,-0.003224,-0.001961,-0.000724,0.000481,0.001648,0.002773,0.003849,0.004874,0.005841,0.006745,0.007584,0.008353,0.009048,0.009666,0.010205,0.010662,0.011035,0.011323,0.011526,0.011643,0.011674,0.011621,0.011484,0.011265,0.010967,0.010591,0.010140,0.009619,0.009028,0.008372,0.007653,0.006874,0.006035,0.005153,0.004089,0.004089,
-0.022507,-0.022507,-0.023671,-0.024619,-0.025507,-0.026317,-0.027051,-0.027709,-0.028290,-0.028795,-0.029223,-0.029572,-0.029844,-0.030038,-0.030152,-0.030189,-0.030147,-0.030027,-0.029830,-0.029556,-0.029207,-0.028784,-0.028287,-0.027720,-0.027084,-0.026380,-0.025612,-0.024781,-0.023891,-0.022944,-0.021944,-0.020894,-0.019797,-0.018658,-0.017480,-0.016267,-0.015024,-0.013756,-0.012466,-0.011160,-0.009842,-0.008518,-0.007194,-0.005873,-0.004563,-0.003267,-0.001992,-0.000744,0.000473,0.001653,0.002790,0.003880,0.004917,0.005897,0.006814,0.007664,0.008444,0.009149,0.009777,0.010324,0.010787,0.011165,0.011456,0.011660,0.011775,0.011801,0.011740,0.011591,0.011357,0.011039,0.010639,0.010159,0.009603,0.008973,0.008272,0.007502,0.006666,0.005763,0.004813,0.003666,0.003666,
-0.022268,-0.022268,-0.023512,-0.024526,-0.025473,-0.026336,-0.027117,-0.027816,-0.028433,-0.028968,-0.029421,-0.029792,-0.030081,-0.030289,-0.030414,-0.030459,-0.030422,-0.030306,-0.030110,-0.029837,-0.029486,-0.029060,-0.028561,-0.027989,-0.027348,-0.026638,-0.025864,-0.025026,-0.024129,-0.023174,-0.022166,-0.021107,-0.020001,-0.018852,-0.017663,-0.016440,-0.015186,-0.013905,-0.012603,-0.011283,-0.009952,-0.008614,-0.007275,-0.005939,-0.004613,-0.003301,-0.002009,-0.000744,0.000491,0.001688,0.002843,0.003950,0.005005,0.006001,0.006935,0.007801,0.008596,0.009315,0.009954,0.010512,0.010984,0.011369,0.011665,0.011870,0.011983,0.012005,0.011935,0.011774,0.011524,0.011185,0.010759,0.010249,0.009658,0.008986,0.008238,0.007415,0.006521,0.005554,0.004536,0.003306,0.003306,
-0.022113,-0.022113,-0.023438,-0.024516,-0.025523,-0.026440,-0.027268,-0.028009,-0.028663,-0.029229,-0.029709,-0.030102,-0.030409,-0.030631,-0.030768,-0.030820,-0.030789,-0.030676,-0.030482,-0.030207,-0.029854,-0.029425,-0.028920,-0.028342,-0.027693,-0.026976,-0.026192,-0.025345,-0.024437,-0.023471,-0.022451,-0.021379,-0.020260,-0.019097,-0.017894,-0.016655,-0.015385,-0.014088,-0.012768,-0.011431,-0.010081,-0.008724,-0.007364,-0.006008,-0.004660,-0.003327,-0.002013,-0.000725,0.000532,0.001752,0.002930,0.004059,0.005136,0.006154,0.007108,0.007994,0.008807,0.009544,0.010199,0.010770,0.011254,0.011647,0.011949,0.012157,0.012270,0.012288,0.012210,0.012037,0.011769,0.011409,0.010957,0.010415,0.009786,0.009072,0.008275,0.007398,0.006444,0.005412,0.004325,0.003012,0.003012,
-0.022049,-0.022049,-0.023454,-0.024597,-0.025664,-0.026634,-0.027511,-0.028294,-0.028985,-0.029584,-0.030091,-0.030507,-0.030833,-0.031069,-0.031217,-0.031278,-0.031252,-0.031141,-0.030947,-0.030671,-0.030314,-0.029879,-0.029368,-0.028782,-0.028124,-0.027395,-0.026600,-0.025740,-0.024818,-0.023837,-0.022802,-0.021714,-0.020577,-0.019396,-0.018174,-0.016915,-0.015624,-0.014306,-0.012964,-0.011603,-0.010230,-0.008848,-0.007463,-0.006081,-0.004706,-0.003346,-0.002005,-0.000689,0.000595,0.001843,0.003049,0.004206,0.005309,0.006353,0.007333,0.008243,0.009079,0.009836,0.010510,0.011098,0.011596,0.012001,0.012311,0.012524,0.012638,0.012652,0.012567,0.012382,0.012097,0.011715,0.011235,0.010661,0.009993,0.009234,0.008388,0.007456,0.006441,0.005343,0.004185,0.002788,0.002788,
-0.022081,-0.022081,-0.023565,-0.024773,-0.025900,-0.026925,-0.027851,-0.028678,-0.029406,-0.030037,-0.030572,-0.031011,-0.031356,-0.031607,-0.031766,-0.031835,-0.031814,-0.031705,-0.031511,-0.031231,-0.030870,-0.030428,-0.029907,-0.029311,-0.028641,-0.027899,-0.027089,-0.026213,-0.025274,-0.024275,-0.023220,-0.022112,-0.020954,-0.019751,-0.018505,-0.017222,-0.015906,-0.014561,-0.013192,-0.011803,-0.010401,-0.008989,-0.007574,-0.006160,-0.004754,-0.003361,-0.001988,-0.000639,0.000679,0.001960,0.003199,0.004388,0.005524,0.006599,0.007609,0.008547,0.009410,0.010192,0.010890,0.011497,0.012013,0.012432,0.012752,0.012972,0.013089,0.013101,0.013009,0.012813,0.012512,0.012107,0.011599,0.010991,0.010284,0.009480,0.008582,0.007593,0.006515,0.005350,0.004121,0.002638,0.002638,
-0.022213,-0.022213,-0.023778,-0.025051,-0.026239,-0.027319,-0.028294,-0.029165,-0.029932,-0.030596,-0.031159,-0.031621,-0.031985,-0.032251,-0.032421,-0.032497,-0.032480,-0.032372,-0.032175,-0.031892,-0.031524,-0.031073,-0.030542,-0.029932,-0.029248,-0.028490,-0.027662,-0.026767,-0.025808,-0.024788,-0.023709,-0.022577,-0.021394,-0.020163,-0.018890,-0.017579,-0.016232,-0.014856,-0.013455,-0.012033,-0.010596,-0.009150,-0.007698,-0.006248,-0.004805,-0.003374,-0.001962,-0.000575,0.000782,0.002102,0.003378,0.004606,0.005779,0.006890,0.007935,0.008907,0.009801,0.010613,0.011337,0.011969,0.012505,0.012941,0.013275,0.013504,0.013626,0.013638,0.013541,0.013334,0.013016,0.012589,0.012053,0.011411,0.010663,0.009813,0.008863,0.007815,0.006674,0.005439,0.004137,0.002566,0.002566,
-0.022451,-0.022451,-0.024097,-0.025437,-0.026686,-0.027822,-0.028847,-0.029762,-0.030567,-0.031265,-0.031856,-0.032342,-0.032724,-0.033005,-0.033185,-0.033268,-0.033254,-0.033146,-0.032946,-0.032657,-0.032280,-0.031818,-0.031274,-0.030650,-0.029948,-0.029171,-0.028323,-0.027406,-0.026423,-0.025377,-0.024272,-0.023111,-0.021899,-0.020638,-0.019332,-0.017987,-0.016606,-0.015194,-0.013755,-0.012295,-0.010819,-0.009332,-0.007840,-0.006347,-0.004861,-0.003387,-0.001931,-0.000499,0.000902,0.002266,0.003587,0.004858,0.006073,0.007226,0.008311,0.009322,0.010253,0.011098,0.011853,0.012514,0.013074,0.013532,0.013882,0.014123,0.014251,0.014266,0.014165,0.013948,0.013615,0.013166,0.012602,0.011925,0.011136,0.010239,0.009235,0.008127,0.006920,0.005614,0.004236,0.002575,0.002575,
-0.022799,-0.022799,-0.024528,-0.025935,-0.027247,-0.028440,-0.029515,-0.030475,-0.031320,-0.032051,-0.032670,-0.033179,-0.033580,-0.033874,-0.034065,-0.034153,-0.034141,-0.034032,-0.033827,-0.033531,-0.033143,-0.032669,-0.032109,-0.031467,-0.030745,-0.029947,-0.029075,-0.028132,-0.027122,-0.026047,-0.024912,-0.023719,-0.022472,-0.021176,-0.019834,-0.018450,-0.017030,-0.015577,-0.014096,-0.012593,-0.011072,-0.009539,-0.008000,-0.006460,-0.004925,-0.003402,-0.001896,-0.000414,0.001037,0.002451,0.003822,0.005142,0.006406,0.007606,0.008737,0.009791,0.010764,0.011649,0.012440,0.013133,0.013723,0.014205,0.014575,0.014831,0.014970,0.014988,0.014886,0.014661,0.014313,0.013843,0.013252,0.012540,0.011709,0.010763,0.009704,0.008534,0.007259,0.005879,0.004424,0.002669,0.002669,
-0.023263,-0.023263,-0.025077,-0.026553,-0.027929,-0.029178,-0.030306,-0.031311,-0.032195,-0.032960,-0.033607,-0.034139,-0.034558,-0.034866,-0.035065,-0.035157,-0.035146,-0.035034,-0.034824,-0.034517,-0.034118,-0.033628,-0.033050,-0.032388,-0.031644,-0.030820,-0.029921,-0.028950,-0.027909,-0.026801,-0.025631,-0.024402,-0.023118,-0.021782,-0.020398,-0.018972,-0.017507,-0.016009,-0.014481,-0.012929,-0.011358,-0.009774,-0.008182,-0.006589,-0.005000,-0.003421,-0.001860,-0.000322,0.001185,0.002656,0.004083,0.005458,0.006776,0.008030,0.009212,0.010316,0.011336,0.012265,0.013098,0.013828,0.014452,0.014963,0.015358,0.015632,0.015784,0.015810,0.015708,0.015477,0.015116,0.014626,0.014007,0.013260,0.012387,0.011391,0.010275,0.009043,0.007697,0.006241,0.004704,0.002852,0.002852,
-0.023848,-0.023848,-0.025749,-0.027295,-0.028737,-0.030045,-0.031224,-0.032275,-0.033199,-0.033998,-0.034674,-0.035228,-0.035664,-0.035984,-0.036191,-0.036287,-0.036276,-0.036159,-0.035940,-0.035622,-0.035208,-0.034700,-0.034102,-0.033417,-0.032647,-0.031796,-0.030867,-0.029863,-0.028787,-0.027643,-0.026435,-0.025165,-0.023839,-0.022459,-0.021030,-0.019556,-0.018042,-0.016492,-0.014912,-0.013306,-0.011680,-0.010039,-0.008389,-0.006737,-0.005088,-0.003448,-0.001825,-0.000225,0.001345,0.002878,0.004367,0.005804,0.007183,0.008496,0.009736,0.010896,0.011969,0.012948,0.013828,0.014601,0.015263,0.015808,0.016232,0.016529,0.016698,0.016734,0.016635,0.016400,0.016028,0.015519,0.014873,0.014092,0.013177,0.012130,0.010956,0.009658,0.008240,0.006704,0.005083,0.003128,0.003128,
-0.024561,-0.024561,-0.026552,-0.028170,-0.029678,-0.031046,-0.032279,-0.033376,-0.034340,-0.035173,-0.035876,-0.036453,-0.036905,-0.037237,-0.037450,-0.037548,-0.037534,-0.037411,-0.037183,-0.036851,-0.036419,-0.035891,-0.035270,-0.034559,-0.033760,-0.032878,-0.031915,-0.030875,-0.029761,-0.028577,-0.027326,-0.026012,-0.024639,-0.023211,-0.021731,-0.020205,-0.018637,-0.017032,-0.015394,-0.013729,-0.012042,-0.010339,-0.008625,-0.006908,-0.005192,-0.003486,-0.001794,-0.000126,0.001513,0.003115,0.004673,0.006178,0.007624,0.009003,0.010308,0.011530,0.012662,0.013698,0.014631,0.015453,0.016159,0.016744,0.017201,0.017526,0.017715,0.017765,0.017673,0.017437,0.017056,0.016530,0.015858,0.015042,0.014084,0.012986,0.011753,0.010387,0.008893,0.007274,0.005565,0.003503,0.003503,
-0.025408,-0.025408,-0.027491,-0.029183,-0.030760,-0.032189,-0.033475,-0.034620,-0.035624,-0.036491,-0.037221,-0.037820,-0.038288,-0.038630,-0.038848,-0.038947,-0.038929,-0.038797,-0.038556,-0.038208,-0.037757,-0.037206,-0.036559,-0.035818,-0.034988,-0.034071,-0.033071,-0.031992,-0.030836,-0.029607,-0.028310,-0.026947,-0.025523,-0.024042,-0.022508,-0.020925,-0.019297,-0.017631,-0.015930,-0.014200,-0.012447,-0.010676,-0.008893,-0.007104,-0.005317,-0.003536,-0.001771,-0.000027,0.001687,0.003365,0.004998,0.006579,0.008100,0.009551,0.010927,0.012218,0.013417,0.014517,0.015509,0.016386,0.017143,0.017772,0.018268,0.018626,0.018841,0.018909,0.018827,0.018593,0.018205,0.017663,0.016967,0.016117,0.015116,0.013967,0.012672,0.011236,0.009664,0.007958,0.006156,0.003981,0.003981,
-0.026395,-0.026395,-0.028573,-0.030343,-0.031989,-0.033481,-0.034823,-0.036015,-0.037059,-0.037959,-0.038717,-0.039336,-0.039819,-0.040170,-0.040392,-0.040490,-0.040465,-0.040323,-0.040067,-0.039701,-0.039227,-0.038650,-0.037974,-0.037201,-0.036335,-0.035381,-0.034340,-0.033217,-0.032015,-0.030738,-0.029390,-0.027975,-0.026495,-0.024957,-0.023363,-0.021718,-0.020027,-0.018294,-0.016525,-0.014725,-0.012900,-0.011055,-0.009196,-0.007331,-0.005464,-0.003604,-0.001758,0.000068,0.001865,0.003625,0.005341,0.007005,0.008607,0.010139,0.011593,0.012961,0.014234,0.015403,0.016462,0.017402,0.018216,0.018896,0.019437,0.019833,0.020079,0.020170,0.020103,0.019874,0.019483,0.018927,0.018208,0.017325,0.016281,0.015079,0.013722,0.012214,0.010560,0.008764,0.006865,0.004571,0.004571,
-0.027530,-0.027530,-0.029807,-0.031656,-0.033374,-0.034930,-0.036328,-0.037568,-0.038654,-0.039587,-0.040371,-0.041010,-0.041507,-0.041865,-0.042089,-0.042183,-0.042151,-0.041996,-0.041722,-0.041334,-0.040835,-0.040230,-0.039521,-0.038712,-0.037808,-0.036811,-0.035726,-0.034556,-0.033304,-0.031975,-0.030572,-0.029099,-0.027560,-0.025959,-0.024301,-0.022589,-0.020829,-0.019026,-0.017183,-0.015308,-0.013405,-0.011480,-0.009540,-0.007591,-0.005639,-0.003693,-0.001759,0.000156,0.002042,0.003893,0.005699,0.007452,0.009144,0.010764,0.012305,0.013757,0.015111,0.016359,0.017492,0.018502,0.019380,0.020119,0.020712,0.021152,0.021435,0.021554,0.021505,0.021287,0.020895,0.020329,0.019589,0.018674,0.017588,0.016332,0.014911,0.013328,0.011590,0.009700,0.007698,0.005277,0.005277,
-0.028820,-0.028820,-0.031201,-0.033131,-0.034924,-0.036545,-0.038000,-0.039289,-0.040416,-0.041382,-0.042192,-0.042850,-0.043358,-0.043723,-0.043947,-0.044035,-0.043992,-0.043821,-0.043527,-0.043115,-0.042588,-0.041950,-0.041205,-0.040358,-0.039411,-0.038369,-0.037235,-0.036014,-0.034709,-0.033323,-0.031861,-0.030326,-0.028723,-0.027055,-0.025328,-0.023544,-0.021710,-0.019830,-0.017909,-0.015952,-0.013966,-0.011956,-0.009928,-0.007889,-0.005846,-0.003806,-0.001777,0.000233,0.002217,0.004165,0.006069,0.007920,0.009709,0.011426,0.013061,0.014606,0.016051,0.017385,0.018601,0.019688,0.020638,0.021443,0.022095,0.022587,0.022913,0.023066,0.023042,0.022838,0.022450,0.021877,0.021118,0.020173,0.019045,0.017735,0.016249,0.014589,0.012763,0.010773,0.008664,0.006110,0.006110,
-0.030275,-0.030275,-0.032762,-0.034777,-0.036646,-0.038335,-0.039848,-0.041187,-0.042354,-0.043353,-0.044188,-0.044863,-0.045382,-0.045751,-0.045972,-0.046053,-0.045996,-0.045807,-0.045490,-0.045050,-0.044491,-0.043818,-0.043034,-0.042143,-0.041150,-0.040059,-0.038873,-0.037597,-0.036233,-0.034787,-0.033261,-0.031660,-0.029988,-0.028249,-0.026447,-0.024588,-0.022674,-0.020712,-0.018707,-0.016664,-0.014588,-0.012486,-0.010364,-0.008229,-0.006088,-0.003948,-0.001818,0.000296,0.002384,0.004438,0.006448,0.008405,0.010300,0.012122,0.013861,0.015508,0.017051,0.018481,0.019788,0.020962,0.021993,0.022873,0.023592,0.024143,0.024519,0.024713,0.024720,0.024535,0.024156,0.023579,0.022804,0.021831,0.020662,0.019298,0.017745,0.016006,0.014089,0.011996,0.009773,0.007077,0.007077,
-0.031903,-0.031903,-0.034501,-0.036603,-0.038552,-0.040309,-0.041881,-0.043270,-0.044478,-0.045509,-0.046368,-0.047059,-0.047587,-0.047957,-0.048175,-0.048244,-0.048171,-0.047961,-0.047617,-0.047146,-0.046552,-0.045839,-0.045012,-0.044075,-0.043032,-0.041887,-0.040645,-0.039309,-0.037884,-0.036372,-0.034778,-0.033107,-0.031361,-0.029546,-0.027665,-0.025724,-0.023726,-0.021677,-0.019582,-0.017447,-0.015276,-0.013076,-0.010855,-0.008617,-0.006371,-0.004124,-0.001884,0.000341,0.002541,0.004709,0.006833,0.008905,0.010915,0.012851,0.014703,0.016460,0.018112,0.019647,0.021055,0.022325,0.023447,0.024410,0.025206,0.025825,0.026259,0.026501,0.026546,0.026387,0.026021,0.025445,0.024658,0.023659,0.022450,0.021033,0.019412,0.017592,0.015579,0.013377,0.011035,0.008190,0.008190,
-0.033714,-0.033714,-0.036428,-0.038620,-0.040650,-0.042478,-0.044111,-0.045549,-0.046798,-0.047861,-0.048742,-0.049448,-0.049983,-0.050352,-0.050562,-0.050618,-0.050526,-0.050290,-0.049917,-0.049411,-0.048778,-0.048021,-0.047147,-0.046159,-0.045062,-0.043860,-0.042557,-0.041157,-0.039665,-0.038084,-0.036418,-0.034671,-0.032847,-0.030951,-0.028986,-0.026958,-0.024871,-0.022730,-0.020540,-0.018306,-0.016035,-0.013732,-0.011403,-0.009056,-0.006699,-0.004337,-0.001981,0.000363,0.002684,0.004973,0.007221,0.009416,0.011550,0.013609,0.015584,0.017463,0.019233,0.020884,0.022403,0.023780,0.025002,0.026059,0.026941,0.027637,0.028139,0.028438,0.028527,0.028401,0.028055,0.027485,0.026690,0.025668,0.024421,0.022950,0.021261,0.019357,0.017246,0.014931,0.012463,0.009460,0.009460,
-0.035719,-0.035719,-0.038553,-0.040839,-0.042953,-0.044853,-0.046547,-0.048036,-0.049324,-0.050418,-0.051320,-0.052039,-0.052578,-0.052944,-0.053144,-0.053183,-0.053067,-0.052803,-0.052396,-0.051852,-0.051175,-0.050371,-0.049446,-0.048403,-0.047247,-0.045983,-0.044615,-0.043147,-0.041583,-0.039928,-0.038184,-0.036357,-0.034451,-0.032469,-0.030416,-0.028296,-0.026115,-0.023876,-0.021585,-0.019248,-0.016869,-0.014456,-0.012015,-0.009553,-0.007076,-0.004593,-0.002113,0.000357,0.002807,0.005227,0.007607,0.009936,0.012203,0.014396,0.016504,0.018514,0.020414,0.022191,0.023833,0.025328,0.026661,0.027823,0.028801,0.029585,0.030164,0.030529,0.030673,0.030588,0.030268,0.029710,0.028911,0.027870,0.026587,0.025064,0.023306,0.021316,0.019104,0.016670,0.014070,0.010899,0.010899,
-0.037930,-0.037930,-0.040888,-0.043271,-0.045472,-0.047446,-0.049201,-0.050741,-0.052069,-0.053192,-0.054114,-0.054842,-0.055383,-0.055743,-0.055929,-0.055948,-0.055805,-0.055508,-0.055063,-0.054475,-0.053751,-0.052895,-0.051914,-0.050811,-0.049592,-0.048262,-0.046824,-0.045283,-0.043643,-0.041909,-0.040084,-0.038172,-0.036178,-0.034106,-0.031959,-0.029743,-0.027461,-0.025119,-0.022723,-0.020276,-0.017785,-0.015256,-0.012696,-0.010111,-0.007509,-0.004897,-0.002285,0.000320,0.002907,0.005466,0.007988,0.010459,0.012870,0.015208,0.017460,0.019613,0.021654,0.023569,0.025346,0.026970,0.028427,0.029706,0.030792,0.031675,0.032342,0.032784,0.032991,0.032956,0.032671,0.032131,0.031335,0.030278,0.028962,0.027389,0.025562,0.023485,0.021167,0.018609,0.015871,0.012524,0.012524,
-0.040358,-0.040358,-0.043447,-0.045930,-0.048219,-0.050269,-0.052087,-0.053677,-0.055044,-0.056194,-0.057134,-0.057870,-0.058409,-0.058759,-0.058928,-0.058922,-0.058748,-0.058414,-0.057926,-0.057291,-0.056514,-0.055601,-0.054559,-0.053392,-0.052104,-0.050702,-0.049190,-0.047571,-0.045851,-0.044033,-0.042121,-0.040120,-0.038033,-0.035865,-0.033620,-0.031302,-0.028916,-0.026466,-0.023957,-0.021396,-0.018786,-0.016136,-0.013450,-0.010736,-0.008001,-0.005253,-0.002501,0.000246,0.002979,0.005687,0.008359,0.010984,0.013549,0.016042,0.018449,0.020757,0.022951,0.025017,0.026941,0.028707,0.030302,0.031710,0.032918,0.033912,0.034680,0.035210,0.035491,0.035515,0.035274,0.034762,0.033974,0.032907,0.031563,0.029940,0.028044,0.025879,0.023452,0.020767,0.017883,0.014349,0.014349,
-0.043018,-0.043018,-0.046242,-0.048829,-0.051209,-0.053335,-0.055217,-0.056857,-0.058261,-0.059437,-0.060392,-0.061132,-0.061667,-0.062004,-0.062150,-0.062115,-0.061905,-0.061529,-0.060993,-0.060305,-0.059470,-0.058496,-0.057387,-0.056150,-0.054790,-0.053311,-0.051719,-0.050017,-0.048211,-0.046304,-0.044301,-0.042205,-0.040021,-0.037753,-0.035404,-0.032979,-0.030483,-0.027919,-0.025294,-0.022612,-0.019879,-0.017100,-0.014282,-0.011432,-0.008558,-0.005666,-0.002767,0.000131,0.003019,0.005884,0.008717,0.011505,0.014235,0.016895,0.019469,0.021944,0.024305,0.026535,0.028620,0.030543,0.032288,0.033840,0.035183,0.036302,0.037184,0.037815,0.038184,0.038279,0.038091,0.037614,0.036843,0.035773,0.034404,0.032736,0.030772,0.028517,0.025979,0.023160,0.020124,0.016392,0.016392,
-0.045925,-0.045925,-0.049288,-0.051983,-0.054456,-0.056661,-0.058605,-0.060295,-0.061736,-0.062935,-0.063902,-0.064643,-0.065169,-0.065487,-0.065607,-0.065537,-0.065286,-0.064862,-0.064273,-0.063526,-0.062628,-0.061585,-0.060405,-0.059092,-0.057653,-0.056093,-0.054415,-0.052626,-0.050729,-0.048728,-0.046628,-0.044433,-0.042146,-0.039772,-0.037315,-0.034778,-0.032167,-0.029485,-0.026737,-0.023929,-0.021066,-0.018153,-0.015197,-0.012205,-0.009184,-0.006142,-0.003087,-0.000030,0.003021,0.006054,0.009058,0.012019,0.014926,0.017764,0.020518,0.023173,0.025714,0.028122,0.030382,0.032476,0.034388,0.036099,0.037592,0.038852,0.039863,0.040609,0.041078,0.041257,0.041135,0.040704,0.039958,0.038892,0.037504,0.035794,0.033764,0.031419,0.028767,0.025810,0.022615,0.018675,0.018675,
-0.049093,-0.049093,-0.052602,-0.055407,-0.057976,-0.060260,-0.062268,-0.064006,-0.065481,-0.066702,-0.067676,-0.068415,-0.068926,-0.069221,-0.069309,-0.069199,-0.068900,-0.068423,-0.067773,-0.066961,-0.065993,-0.064877,-0.063619,-0.062225,-0.060701,-0.059052,-0.057284,-0.055401,-0.053407,-0.051308,-0.049106,-0.046806,-0.044412,-0.041927,-0.039356,-0.036703,-0.033971,-0.031165,-0.028290,-0.025351,-0.022352,-0.019299,-0.016199,-0.013058,-0.009884,-0.006684,-0.003466,-0.000241,0.002982,0.006192,0.009376,0.012523,0.015617,0.018646,0.021593,0.024442,0.027176,0.029778,0.032229,0.034510,0.036604,0.038490,0.040151,0.041568,0.042724,0.043601,0.044185,0.044462,0.044419,0.044047,0.043336,0.042283,0.040882,0.039135,0.037042,0.034607,0.031839,0.028739,0.025378,0.021220,0.021220,
-0.052540,-0.052540,-0.056200,-0.059119,-0.061787,-0.064150,-0.066222,-0.068007,-0.069513,-0.070751,-0.071730,-0.072460,-0.072953,-0.073218,-0.073268,-0.073111,-0.072758,-0.072219,-0.071504,-0.070619,-0.069575,-0.068378,-0.067035,-0.065553,-0.063937,-0.062195,-0.060330,-0.058347,-0.056251,-0.054047,-0.051738,-0.049328,-0.046821,-0.044221,-0.041531,-0.038756,-0.035899,-0.032964,-0.029957,-0.026880,-0.023740,-0.020542,-0.017292,-0.013996,-0.010662,-0.007296,-0.003908,-0.000507,0.002898,0.006293,0.009669,0.013011,0.016305,0.019537,0.022690,0.025747,0.028691,0.031501,0.034160,0.036646,0.038939,0.041019,0.042865,0.044457,0.045775,0.046802,0.047518,0.047909,0.047960,0.047659,0.046996,0.045965,0.044561,0.042781,0.040628,0.038105,0.035219,0.031972,0.028439,0.024051,0.024051,
-0.056284,-0.056284,-0.060101,-0.063138,-0.065905,-0.068350,-0.070483,-0.072313,-0.073849,-0.075100,-0.076078,-0.076795,-0.077262,-0.077491,-0.077494,-0.077283,-0.076869,-0.076261,-0.075471,-0.074507,-0.073378,-0.072093,-0.070658,-0.069081,-0.067367,-0.065524,-0.063555,-0.061467,-0.059263,-0.056948,-0.054526,-0.052000,-0.049375,-0.046655,-0.043841,-0.040939,-0.037952,-0.034884,-0.031738,-0.028520,-0.025234,-0.021885,-0.018479,-0.015022,-0.011520,-0.007982,-0.004416,-0.000831,0.002763,0.006355,0.009932,0.013481,0.016987,0.020435,0.023808,0.027088,0.030256,0.033292,0.036175,0.038883,0.041395,0.043688,0.045739,0.047526,0.049027,0.050221,0.051088,0.051611,0.051772,0.051558,0.050957,0.049960,0.048562,0.046758,0.044550,0.041940,0.038935,0.035537,0.031825,0.027196,0.027196,
-0.060344,-0.060344,-0.064325,-0.067483,-0.070352,-0.072878,-0.075073,-0.076945,-0.078506,-0.079765,-0.080737,-0.081433,-0.081867,-0.082052,-0.082002,-0.081728,-0.081243,-0.080558,-0.079684,-0.078632,-0.077410,-0.076028,-0.074493,-0.072813,-0.070994,-0.069042,-0.066963,-0.064762,-0.062444,-0.060012,-0.057471,-0.054825,-0.052077,-0.049230,-0.046288,-0.043254,-0.040132,-0.036925,-0.033637,-0.030272,-0.026835,-0.023329,-0.019761,-0.016137,-0.012462,-0.008745,-0.004993,-0.001216,0.002576,0.006373,0.010162,0.013928,0.017659,0.021336,0.024943,0.028461,0.031870,0.035149,0.038275,0.041225,0.043975,0.046501,0.048778,0.050781,0.052486,0.053869,0.054909,0.055583,0.055874,0.055765,0.055241,0.054292,0.052911,0.051092,0.048834,0.046141,0.043017,0.039465,0.035567,0.030686,0.030686,
-0.064744,-0.064744,-0.068894,-0.072176,-0.075149,-0.077755,-0.080010,-0.081922,-0.083502,-0.084765,-0.085723,-0.086391,-0.086783,-0.086915,-0.086801,-0.086455,-0.085889,-0.085117,-0.084151,-0.083000,-0.081676,-0.080188,-0.078544,-0.076752,-0.074820,-0.072752,-0.070555,-0.068235,-0.065795,-0.063241,-0.060575,-0.057802,-0.054925,-0.051947,-0.048871,-0.045701,-0.042439,-0.039088,-0.035653,-0.032136,-0.028542,-0.024876,-0.021141,-0.017344,-0.013490,-0.009587,-0.005643,-0.001666,0.002334,0.006345,0.010355,0.014351,0.018318,0.022238,0.026093,0.029865,0.033532,0.037071,0.040460,0.043672,0.046682,0.049463,0.051989,0.054231,0.056164,0.057760,0.058994,0.059843,0.060284,0.060299,0.059871,0.058986,0.057635,0.055811,0.053512,0.050739,0.047498,0.043789,0.039699,0.034554,0.034554,
-0.069504,-0.069504,-0.073830,-0.077240,-0.080318,-0.083005,-0.085317,-0.087264,-0.088859,-0.090117,-0.091054,-0.091684,-0.092026,-0.092094,-0.091906,-0.091476,-0.090818,-0.089948,-0.088877,-0.087618,-0.086181,-0.084577,-0.082815,-0.080902,-0.078846,-0.076654,-0.074331,-0.071884,-0.069316,-0.066632,-0.063835,-0.060929,-0.057917,-0.054803,-0.051588,-0.048276,-0.044870,-0.041372,-0.037784,-0.034112,-0.030357,-0.026524,-0.022617,-0.018642,-0.014604,-0.010509,-0.006365,-0.002181,0.002034,0.006269,0.010511,0.014747,0.018962,0.023138,0.027257,0.031298,0.035240,0.039059,0.042730,0.046225,0.049518,0.052578,0.055377,0.057884,0.060069,0.061904,0.063358,0.064406,0.065022,0.065184,0.064871,0.064069,0.062764,0.060948,0.058617,0.055770,0.052414,0.048545,0.044258,0.038838,0.038838,
-0.074652,-0.074652,-0.079161,-0.082702,-0.085886,-0.088653,-0.091019,-0.092996,-0.094599,-0.095844,-0.096749,-0.097331,-0.097610,-0.097603,-0.097327,-0.096801,-0.096039,-0.095058,-0.093871,-0.092490,-0.090929,-0.089197,-0.087305,-0.085261,-0.083073,-0.080747,-0.078290,-0.075707,-0.073003,-0.070182,-0.067248,-0.064203,-0.061051,-0.057795,-0.054437,-0.050979,-0.047423,-0.043772,-0.040029,-0.036196,-0.032276,-0.028272,-0.024189,-0.020031,-0.015802,-0.011510,-0.007161,-0.002762,0.001676,0.006143,0.010627,0.015114,0.019589,0.024035,0.028432,0.032759,0.036995,0.041112,0.045086,0.048887,0.052486,0.055851,0.058949,0.061748,0.064214,0.066315,0.068018,0.069292,0.070109,0.070443,0.070270,0.069571,0.068330,0.066537,0.064185,0.061273,0.057804,0.053776,0.049286,0.043580,0.043580,
-0.080214,-0.080214,-0.084913,-0.088588,-0.091880,-0.094724,-0.097140,-0.099141,-0.100743,-0.101966,-0.102828,-0.103350,-0.103552,-0.103455,-0.103079,-0.102441,-0.101561,-0.100454,-0.099136,-0.097621,-0.095922,-0.094050,-0.092017,-0.089830,-0.087499,-0.085029,-0.082429,-0.079702,-0.076854,-0.073888,-0.070809,-0.067620,-0.064322,-0.060918,-0.057411,-0.053801,-0.050092,-0.046285,-0.042382,-0.038384,-0.034295,-0.030117,-0.025853,-0.021507,-0.017084,-0.012588,-0.008028,-0.003409,0.001260,0.005967,0.010702,0.015451,0.020198,0.024927,0.029617,0.034247,0.038794,0.043231,0.047529,0.051660,0.055590,0.059285,0.062711,0.065831,0.068609,0.071006,0.072989,0.074520,0.075569,0.076103,0.076096,0.075524,0.074369,0.072617,0.070258,0.067290,0.063714,0.059526,0.054829,0.048825,0.048825,
-0.086221,-0.086221,-0.091117,-0.094930,-0.098330,-0.101250,-0.103710,-0.105727,-0.107318,-0.108506,-0.109312,-0.109759,-0.109869,-0.109667,-0.109172,-0.108407,-0.107391,-0.106142,-0.104678,-0.103013,-0.101161,-0.099136,-0.096947,-0.094606,-0.092119,-0.089495,-0.086741,-0.083861,-0.080860,-0.077743,-0.074512,-0.071170,-0.067720,-0.064164,-0.060503,-0.056738,-0.052871,-0.048903,-0.044836,-0.040670,-0.036408,-0.032052,-0.027604,-0.023066,-0.018444,-0.013741,-0.008963,-0.004118,0.000788,0.005744,0.010739,0.015759,0.020790,0.025815,0.030813,0.035762,0.040638,0.045415,0.050061,0.054545,0.058832,0.062887,0.066671,0.070143,0.073265,0.075993,0.078289,0.080112,0.081424,0.082191,0.082380,0.081964,0.080919,0.079229,0.076880,0.073867,0.070191,0.065845,0.060937,0.054624,0.054624,
-0.092705,-0.092705,-0.097807,-0.101762,-0.105269,-0.108261,-0.110759,-0.112782,-0.114351,-0.115490,-0.116224,-0.116578,-0.116579,-0.116251,-0.115620,-0.114708,-0.113537,-0.112128,-0.110499,-0.108667,-0.106647,-0.104451,-0.102094,-0.099583,-0.096929,-0.094139,-0.091220,-0.088177,-0.085014,-0.081736,-0.078346,-0.074846,-0.071238,-0.067523,-0.063703,-0.059778,-0.055749,-0.051617,-0.047382,-0.043046,-0.038608,-0.034070,-0.029434,-0.024702,-0.019877,-0.014963,-0.009963,-0.004886,0.000263,0.005475,0.010738,0.016040,0.021366,0.026699,0.032019,0.037304,0.042529,0.047665,0.052682,0.057545,0.062218,0.066662,0.070835,0.074694,0.078194,0.081290,0.083936,0.086088,0.087702,0.088737,0.089157,0.088928,0.088022,0.086418,0.084099,0.081057,0.077289,0.072789,0.067667,0.061033,0.061033,
-0.099703,-0.099703,-0.105020,-0.109120,-0.112735,-0.115793,-0.118321,-0.120339,-0.121871,-0.122944,-0.123586,-0.123828,-0.123697,-0.123223,-0.122432,-0.121352,-0.120005,-0.118415,-0.116601,-0.114582,-0.112374,-0.109993,-0.107449,-0.104755,-0.101919,-0.098950,-0.095854,-0.092638,-0.089304,-0.085857,-0.082300,-0.078634,-0.074861,-0.070983,-0.066999,-0.062910,-0.058715,-0.054416,-0.050011,-0.045500,-0.040884,-0.036162,-0.031336,-0.026406,-0.021375,-0.016246,-0.011021,-0.005707,-0.000309,0.005164,0.010703,0.016296,0.021927,0.027581,0.033238,0.038875,0.044467,0.049984,0.055395,0.060663,0.065750,0.070615,0.075211,0.079493,0.083410,0.086913,0.089951,0.092473,0.094429,0.095774,0.096463,0.096457,0.095723,0.094234,0.091969,0.088915,0.085068,0.080418,0.075080,0.068115,0.068115,
-0.107256,-0.107256,-0.112798,-0.117046,-0.120767,-0.123886,-0.126434,-0.128432,-0.129909,-0.130896,-0.131425,-0.131530,-0.131243,-0.130597,-0.129622,-0.128347,-0.126799,-0.125004,-0.122982,-0.120755,-0.118340,-0.115752,-0.113005,-0.110111,-0.107079,-0.103917,-0.100632,-0.097230,-0.093715,-0.090090,-0.086357,-0.082519,-0.078576,-0.074528,-0.070376,-0.066118,-0.061755,-0.057285,-0.052706,-0.048019,-0.043222,-0.038315,-0.033297,-0.028168,-0.022928,-0.017581,-0.012128,-0.006573,-0.000922,0.004819,0.010640,0.016531,0.022478,0.028465,0.034472,0.040477,0.046454,0.052374,0.058202,0.063903,0.069434,0.074752,0.079807,0.084550,0.088926,0.092879,0.096353,0.099291,0.101636,0.103335,0.104337,0.104596,0.104072,0.102732,0.100548,0.097504,0.093593,0.088801,0.083247,0.075940,0.075940,
-0.115409,-0.115409,-0.121187,-0.125587,-0.129410,-0.132583,-0.135137,-0.137099,-0.138500,-0.139377,-0.139766,-0.139706,-0.139234,-0.138386,-0.137197,-0.135699,-0.133923,-0.131895,-0.129640,-0.127180,-0.124535,-0.121720,-0.118750,-0.115637,-0.112392,-0.109023,-0.105536,-0.101937,-0.098229,-0.094417,-0.090501,-0.086483,-0.082363,-0.078140,-0.073815,-0.069385,-0.064850,-0.060206,-0.055453,-0.050588,-0.045609,-0.040514,-0.035303,-0.029973,-0.024524,-0.018957,-0.013273,-0.007475,-0.001567,0.004446,0.010556,0.016753,0.023025,0.029355,0.035725,0.042114,0.048494,0.054837,0.061108,0.067267,0.073274,0.079079,0.084632,0.089876,0.094755,0.099205,0.103164,0.106568,0.109353,0.111458,0.112823,0.113394,0.113124,0.111970,0.109902,0.106895,0.102937,0.098012,0.092243,0.084585,0.084585,
-0.124213,-0.124213,-0.130239,-0.134794,-0.138717,-0.141933,-0.144477,-0.146381,-0.147681,-0.148419,-0.148637,-0.148379,-0.147688,-0.146604,-0.145167,-0.143413,-0.141375,-0.139084,-0.136567,-0.133848,-0.130946,-0.127881,-0.124667,-0.121317,-0.117841,-0.114248,-0.110545,-0.106736,-0.102826,-0.098816,-0.094709,-0.090504,-0.086201,-0.081799,-0.077296,-0.072691,-0.067980,-0.063162,-0.058232,-0.053188,-0.048026,-0.042743,-0.037338,-0.031807,-0.026148,-0.020361,-0.014445,-0.008401,-0.002233,0.004056,0.010460,0.016969,0.023572,0.030256,0.037002,0.043789,0.050591,0.057378,0.064115,0.070762,0.077275,0.083603,0.089692,0.095483,0.100910,0.105908,0.110406,0.114332,0.117614,0.120181,0.121965,0.122903,0.122936,0.122016,0.120101,0.117162,0.113181,0.108137,0.102156,0.094137,0.094137,
-0.133725,-0.133725,-0.140013,-0.144725,-0.148743,-0.151989,-0.154504,-0.156324,-0.157492,-0.158057,-0.158067,-0.157572,-0.156621,-0.155262,-0.153537,-0.151489,-0.149154,-0.146566,-0.143754,-0.140745,-0.137560,-0.134219,-0.130737,-0.127129,-0.123404,-0.119571,-0.115636,-0.111605,-0.107480,-0.103263,-0.098956,-0.094557,-0.090065,-0.085479,-0.080795,-0.076011,-0.071124,-0.066128,-0.061021,-0.055797,-0.050452,-0.044982,-0.039383,-0.033651,-0.027783,-0.021775,-0.015627,-0.009337,-0.002908,0.003660,0.010361,0.017187,0.024130,0.031176,0.038309,0.045508,0.052749,0.060000,0.067227,0.074390,0.081442,0.088330,0.094997,0.101379,0.107407,0.113007,0.118102,0.122610,0.126452,0.129546,0.131813,0.133179,0.133575,0.132940,0.131226,0.128392,0.124416,0.119269,0.113082,0.104692,0.104692,
-0.144010,-0.144010,-0.150577,-0.155449,-0.159554,-0.162814,-0.165275,-0.166979,-0.167978,-0.168328,-0.168085,-0.167307,-0.166051,-0.164369,-0.162313,-0.159927,-0.157253,-0.154329,-0.151187,-0.147854,-0.144355,-0.140711,-0.136937,-0.133047,-0.129053,-0.124962,-0.120781,-0.116514,-0.112163,-0.107729,-0.103213,-0.098613,-0.093927,-0.089152,-0.084285,-0.079320,-0.074254,-0.069081,-0.063796,-0.058393,-0.052866,-0.047210,-0.041418,-0.035487,-0.029410,-0.023183,-0.016803,-0.010268,-0.003576,0.003271,0.010271,0.017419,0.024707,0.032124,0.039654,0.047278,0.054973,0.062708,0.070450,0.078156,0.085780,0.093266,0.100555,0.107577,0.114258,0.120519,0.126274,0.131433,0.135905,0.139598,0.142419,0.144284,0.145109,0.144822,0.143362,0.140679,0.136741,0.131513,0.125129,0.116359,0.116359,
-0.155145,-0.155145,-0.162007,-0.167040,-0.171223,-0.174476,-0.176852,-0.178402,-0.179187,-0.179272,-0.178723,-0.177609,-0.175992,-0.173935,-0.171494,-0.168721,-0.165662,-0.162358,-0.158845,-0.155152,-0.151306,-0.147328,-0.143235,-0.139041,-0.134757,-0.130390,-0.125946,-0.121430,-0.116841,-0.112182,-0.107449,-0.102642,-0.097757,-0.092790,-0.087735,-0.082588,-0.077343,-0.071992,-0.066530,-0.060949,-0.055242,-0.049401,-0.043420,-0.037291,-0.031008,-0.024565,-0.017955,-0.011176,-0.004223,0.002904,0.010205,0.017677,0.025314,0.033108,0.041044,0.049105,0.057269,0.065508,0.073787,0.082065,0.090294,0.098417,0.106371,0.114085,0.121477,0.128462,0.134946,0.140829,0.146009,0.150381,0.153839,0.156282,0.157615,0.157748,0.156607,0.154129,0.150271,0.144990,0.138419,0.129263,0.129263,
-0.167217,-0.167217,-0.174394,-0.179589,-0.183836,-0.187054,-0.189306,-0.190654,-0.191170,-0.190930,-0.190014,-0.188498,-0.186458,-0.183963,-0.181078,-0.177862,-0.174365,-0.170633,-0.166705,-0.162612,-0.158383,-0.154039,-0.149598,-0.145075,-0.140479,-0.135817,-0.131095,-0.126316,-0.121479,-0.116584,-0.111628,-0.106608,-0.101519,-0.096357,-0.091114,-0.085784,-0.080359,-0.074832,-0.069195,-0.063438,-0.057553,-0.051531,-0.045364,-0.039041,-0.032556,-0.025899,-0.019063,-0.012042,-0.004831,0.002575,0.010176,0.017973,0.025963,0.034138,0.042487,0.050996,0.059644,0.068403,0.077242,0.086120,0.094987,0.103787,0.112453,0.120911,0.129075,0.136852,0.144139,0.150828,0.156802,0.161943,0.166131,0.169246,0.171176,0.171814,0.171068,0.168860,0.165133,0.159831,0.153090,0.143540,0.143540,
-0.180326,-0.180326,-0.187841,-0.193197,-0.197489,-0.200637,-0.202718,-0.203805,-0.203985,-0.203348,-0.201988,-0.199996,-0.197457,-0.194453,-0.191057,-0.187333,-0.183340,-0.179126,-0.174734,-0.170198,-0.165546,-0.160803,-0.155985,-0.151106,-0.146176,-0.141202,-0.136186,-0.131130,-0.126034,-0.120895,-0.115710,-0.110472,-0.105177,-0.099818,-0.094385,-0.088873,-0.083271,-0.077569,-0.071759,-0.065830,-0.059772,-0.053573,-0.047223,-0.040712,-0.034029,-0.027164,-0.020106,-0.012848,-0.005382,0.002299,0.010200,0.018322,0.026664,0.035224,0.043993,0.052958,0.062101,0.071399,0.080819,0.090322,0.099861,0.109378,0.118804,0.128062,0.137062,0.145703,0.153875,0.161458,0.168322,0.174334,0.179356,0.183250,0.185881,0.187124,0.186863,0.185003,0.181469,0.176190,0.169299,0.159352,0.159352,
-0.194594,-0.194594,-0.202472,-0.207984,-0.212296,-0.215330,-0.217178,-0.217931,-0.217692,-0.216571,-0.214679,-0.212120,-0.208997,-0.205401,-0.201415,-0.197113,-0.192557,-0.187802,-0.182893,-0.177867,-0.172753,-0.167574,-0.162348,-0.157088,-0.151802,-0.146496,-0.141171,-0.135828,-0.130463,-0.125073,-0.119652,-0.114194,-0.108691,-0.103134,-0.097513,-0.091820,-0.086042,-0.080170,-0.074192,-0.068095,-0.061868,-0.055498,-0.048973,-0.042279,-0.035404,-0.028336,-0.021063,-0.013574,-0.005857,0.002095,0.010291,0.018735,0.027430,0.036376,0.045568,0.054996,0.064646,0.074496,0.084518,0.094673,0.104916,0.115190,0.125424,0.135540,0.145443,0.155026,0.164170,0.172745,0.180606,0.187604,0.193579,0.198374,0.201828,0.203792,0.204126,0.202708,0.199442,0.194239,0.187228,0.176878,0.176878,
-0.210164,-0.210164,-0.218431,-0.224092,-0.228389,-0.231251,-0.232790,-0.233116,-0.232359,-0.230648,-0.228116,-0.224887,-0.221078,-0.216794,-0.212131,-0.207169,-0.201979,-0.196618,-0.191135,-0.185569,-0.179949,-0.174298,-0.168633,-0.162966,-0.157303,-0.151647,-0.146000,-0.140358,-0.134716,-0.129070,-0.123411,-0.117730,-0.112018,-0.106265,-0.100458,-0.094587,-0.088639,-0.082601,-0.076460,-0.070202,-0.063813,-0.057279,-0.050585,-0.043716,-0.036657,-0.029394,-0.021913,-0.014199,-0.006239,0.001978,0.010463,0.019226,0.028271,0.037603,0.047219,0.057115,0.067280,0.077696,0.088337,0.099169,0.110148,0.121218,0.132310,0.143343,0.154219,0.164827,0.175039,0.184711,0.193688,0.201798,0.208864,0.214700,0.219121,0.221945,0.223002,0.222140,0.219237,0.214178,0.207082,0.196329,0.196329,
-0.227206,-0.227206,-0.235894,-0.241689,-0.245923,-0.248537,-0.249668,-0.249455,-0.248055,-0.245627,-0.242327,-0.238303,-0.233691,-0.228612,-0.223171,-0.217460,-0.211556,-0.205519,-0.199402,-0.193243,-0.187073,-0.180913,-0.174778,-0.168679,-0.162618,-0.156598,-0.150616,-0.144666,-0.138743,-0.132836,-0.126937,-0.121034,-0.115116,-0.109169,-0.103181,-0.097138,-0.091025,-0.084828,-0.078532,-0.072120,-0.065577,-0.058887,-0.052033,-0.044998,-0.037764,-0.030316,-0.022635,-0.014706,-0.006512,0.001962,0.010731,0.019805,0.029196,0.038910,0.048950,0.059317,0.070003,0.080994,0.092271,0.103802,0.115547,0.127453,0.139453,0.151463,0.163387,0.175107,0.186487,0.197374,0.207596,0.216964,0.225276,0.232317,0.237870,0.241718,0.243654,0.243489,0.241065,0.236234,0.229102,0.217949,0.217949,
-0.245929,-0.245929,-0.255070,-0.260974,-0.265081,-0.267347,-0.267945,-0.267050,-0.264855,-0.261554,-0.257335,-0.252371,-0.246820,-0.240820,-0.234491,-0.227932,-0.221226,-0.214440,-0.207624,-0.200820,-0.194054,-0.187349,-0.180715,-0.174160,-0.167684,-0.161286,-0.154960,-0.148697,-0.142488,-0.136320,-0.130183,-0.124061,-0.117940,-0.111806,-0.105643,-0.099435,-0.093165,-0.086818,-0.080375,-0.073819,-0.067133,-0.060297,-0.053293,-0.046103,-0.038705,-0.031082,-0.023213,-0.015079,-0.006660,0.002061,0.011102,0.020481,0.030209,0.040301,0.050762,0.061599,0.072809,0.084384,0.096310,0.108560,0.121099,0.133878,0.146834,0.159884,0.172931,0.185854,0.198512,0.210741,0.222354,0.233141,0.242874,0.251309,0.258190,0.263259,0.266263,0.266967,0.265166,0.260673,0.253570,0.242024,0.242024,
-0.266587,-0.266587,-0.276213,-0.282188,-0.286078,-0.287866,-0.287769,-0.286013,-0.282835,-0.278474,-0.273154,-0.267079,-0.260433,-0.253372,-0.246030,-0.238515,-0.230915,-0.223300,-0.215721,-0.208216,-0.200813,-0.193527,-0.186367,-0.179336,-0.172430,-0.165644,-0.158968,-0.152389,-0.145894,-0.139469,-0.133097,-0.126762,-0.120446,-0.114133,-0.107804,-0.101441,-0.095025,-0.088538,-0.081960,-0.075272,-0.068454,-0.061484,-0.054343,-0.047009,-0.039461,-0.031675,-0.023630,-0.015304,-0.006674,0.002283,0.011586,0.021257,0.031314,0.041774,0.052651,0.063954,0.075688,0.087851,0.100435,0.113421,0.126780,0.140468,0.154426,0.168578,0.182825,0.197048,0.211100,0.224808,0.237970,0.250358,0.261716,0.271764,0.280203,0.286727,0.291029,0.292814,0.291820,0.287803,0.280815,0.268891,0.268891,
-0.289495,-0.289495,-0.299637,-0.305624,-0.309173,-0.310308,-0.309309,-0.306464,-0.302071,-0.296422,-0.289785,-0.282402,-0.274481,-0.266202,-0.257710,-0.249122,-0.240530,-0.232005,-0.223597,-0.215340,-0.207257,-0.199359,-0.191650,-0.184127,-0.176781,-0.169602,-0.162574,-0.155681,-0.148906,-0.142229,-0.135631,-0.129092,-0.122592,-0.116111,-0.109628,-0.103122,-0.096573,-0.089960,-0.083261,-0.076454,-0.069517,-0.062428,-0.055164,-0.047701,-0.040015,-0.032082,-0.023876,-0.015372,-0.006545,0.002632,0.012183,0.022134,0.032507,0.043324,0.054606,0.066368,0.078622,0.091373,0.104622,0.118356,0.132555,0.147183,0.162189,0.177502,0.193029,0.208650,0.224217,0.239552,0.254440,0.268632,0.281844,0.293758,0.304029,0.312291,0.318171,0.321302,0.321347,0.317989,0.311230,0.298955,0.298955,
-0.315049,-0.315049,-0.325730,-0.331634,-0.334670,-0.334920,-0.332749,-0.328529,-0.322635,-0.315422,-0.307213,-0.298290,-0.288893,-0.279220,-0.269429,-0.259645,-0.249961,-0.240444,-0.231143,-0.222084,-0.213285,-0.204750,-0.196474,-0.188449,-0.180659,-0.173086,-0.165711,-0.158511,-0.151464,-0.144546,-0.137735,-0.131006,-0.124336,-0.117702,-0.111080,-0.104448,-0.097781,-0.091057,-0.084253,-0.077343,-0.070304,-0.063112,-0.055741,-0.048166,-0.040359,-0.032295,-0.023944,-0.015280,-0.006272,0.003109,0.012891,0.023104,0.033777,0.044937,0.056610,0.068820,0.081585,0.094920,0.108833,0.123323,0.138378,0.153973,0.170067,0.186598,0.203480,0.220600,0.237811,0.254930,0.271735,0.287957,0.303284,0.317359,0.329783,0.340123,0.347927,0.352737,0.354119,0.351660,0.345287,0.332707,0.332707,
-0.343746,-0.343746,-0.354973,-0.360655,-0.362935,-0.361987,-0.358294,-0.352337,-0.344586,-0.335477,-0.325395,-0.314668,-0.303566,-0.292307,-0.281060,-0.269951,-0.259073,-0.248487,-0.238233,-0.228331,-0.218786,-0.209595,-0.200743,-0.192213,-0.183981,-0.176023,-0.168310,-0.160817,-0.153513,-0.146371,-0.139363,-0.132462,-0.125641,-0.118873,-0.112131,-0.105391,-0.098625,-0.091810,-0.084918,-0.077924,-0.070802,-0.063525,-0.056065,-0.048396,-0.040487,-0.032310,-0.023834,-0.015028,-0.005859,0.003705,0.013698,0.024155,0.035108,0.046592,0.058638,0.071279,0.084541,0.098449,0.113020,0.128265,0.144185,0.160768,0.177984,0.195784,0.214095,0.232812,0.251797,0.270867,0.289794,0.308296,0.326034,0.342611,0.357569,0.370400,0.380556,0.387465,0.390571,0.389328,0.383557,0.370747,0.370747,
-0.376227,-0.376227,-0.387977,-0.393219,-0.394402,-0.391836,-0.386163,-0.378008,-0.367963,-0.356560,-0.344254,-0.331420,-0.318362,-0.305311,-0.292443,-0.279882,-0.267712,-0.255985,-0.244728,-0.233948,-0.223638,-0.213782,-0.204355,-0.195327,-0.186665,-0.178337,-0.170306,-0.162538,-0.155000,-0.147656,-0.140475,-0.133425,-0.126475,-0.119595,-0.112756,-0.105930,-0.099088,-0.092202,-0.085244,-0.078187,-0.071002,-0.063661,-0.056134,-0.048391,-0.040401,-0.032133,-0.023553,-0.014627,-0.005319,0.004406,0.014588,0.025263,0.036473,0.048257,0.060654,0.073703,0.087442,0.101904,0.117120,0.133113,0.149898,0.167477,0.185840,0.204952,0.224758,0.245168,0.266056,0.287248,0.308516,0.329572,0.350054,0.369524,0.387466,0.403286,0.416323,0.425869,0.431203,0.431605,0.426741,0.413823,0.413823,
-0.413324,-0.413324,-0.425515,-0.429987,-0.429588,-0.424831,-0.416579,-0.405644,-0.392769,-0.378596,-0.363659,-0.348383,-0.333095,-0.318037,-0.303382,-0.289245,-0.275695,-0.262767,-0.250469,-0.238792,-0.227713,-0.217197,-0.207206,-0.197698,-0.188629,-0.179956,-0.171634,-0.163621,-0.155876,-0.148359,-0.141033,-0.133862,-0.126811,-0.119847,-0.112937,-0.106050,-0.099156,-0.092224,-0.085225,-0.078128,-0.070904,-0.063522,-0.055950,-0.048157,-0.040110,-0.031774,-0.023114,-0.014093,-0.004672,0.005189,0.015532,0.026400,0.037838,0.049893,0.062611,0.076040,0.090227,0.105217,0.121054,0.137776,0.155414,0.173989,0.193510,0.213965,0.235320,0.257508,0.280422,0.303907,0.327746,0.351650,0.375244,0.398056,0.419511,0.438922,0.455501,0.468367,0.476596,0.479230,0.475707,0.462880,0.462880,
-0.456137,-0.456137,-0.468580,-0.471774,-0.469098,-0.461373,-0.449757,-0.435307,-0.418947,-0.401446,-0.383417,-0.365327,-0.347521,-0.330239,-0.313639,-0.297816,-0.282814,-0.268643,-0.255287,-0.242712,-0.230873,-0.219718,-0.209191,-0.199236,-0.189795,-0.180812,-0.172236,-0.164014,-0.156099,-0.148445,-0.141009,-0.133751,-0.126631,-0.119614,-0.112663,-0.105745,-0.098827,-0.091877,-0.084863,-0.077753,-0.070515,-0.063117,-0.055526,-0.047709,-0.039629,-0.031252,-0.022539,-0.013450,-0.003944,0.006022,0.016496,0.027524,0.039157,0.051448,0.064451,0.078223,0.092822,0.108304,0.124727,0.142146,0.160611,0.180165,0.200839,0.222649,0.245590,0.269624,0.294676,0.320619,0.347258,0.374319,0.401426,0.428087,0.453671,0.477400,0.498339,0.515409,0.527418,0.533094,0.531541,0.519137,0.519137,
-0.506137,-0.506137,-0.518454,-0.519585,-0.513637,-0.501879,-0.485877,-0.466989,-0.446354,-0.424876,-0.403240,-0.381943,-0.361328,-0.341614,-0.322931,-0.305334,-0.288834,-0.273405,-0.258996,-0.245545,-0.232980,-0.221227,-0.210209,-0.199853,-0.190088,-0.180845,-0.172061,-0.163677,-0.155636,-0.147887,-0.140382,-0.133075,-0.125924,-0.118889,-0.111932,-0.105016,-0.098106,-0.091168,-0.084168,-0.077073,-0.069850,-0.062465,-0.054883,-0.047068,-0.038985,-0.030595,-0.021859,-0.012733,-0.003174,0.006865,0.017434,0.028585,0.040374,0.052860,0.066106,0.080176,0.095138,0.111064,0.128025,0.146095,0.165343,0.185837,0.207638,0.230793,0.255331,0.281256,0.308533,0.337077,0.366736,0.397267,0.428315,0.459385,0.489809,0.518723,0.545039,0.567445,0.584422,0.594272,0.595617,0.584186,0.584186,
-0.565330,-0.565330,-0.576799,-0.574653,-0.563993,-0.546753,-0.525031,-0.500560,-0.474714,-0.448525,-0.422728,-0.397823,-0.374121,-0.351796,-0.330923,-0.311504,-0.293497,-0.276827,-0.261404,-0.247128,-0.233896,-0.221607,-0.210163,-0.199471,-0.189444,-0.180001,-0.171069,-0.162577,-0.154463,-0.146669,-0.139142,-0.131831,-0.124691,-0.117678,-0.110751,-0.103873,-0.097005,-0.090112,-0.083159,-0.076111,-0.068933,-0.061590,-0.054047,-0.046266,-0.038210,-0.029839,-0.021111,-0.011983,-0.002406,0.007668,0.018292,0.029524,0.041424,0.054057,0.067493,0.081806,0.097075,0.113383,0.130819,0.149473,0.169440,0.190814,0.213686,0.238142,0.264255,0.292078,0.321630,0.352888,0.385758,0.420059,0.455483,0.491565,0.527631,0.562751,0.595695,0.624893,0.648430,0.664052,0.669681,0.660160,0.660160,
-0.636497,-0.636497,-0.645779,-0.638461,-0.621008,-0.596312,-0.567156,-0.535703,-0.503561,-0.471856,-0.441331,-0.412437,-0.385413,-0.360349,-0.337235,-0.315996,-0.296521,-0.278674,-0.262315,-0.247299,-0.233489,-0.220752,-0.208968,-0.198022,-0.187812,-0.178243,-0.169230,-0.160696,-0.152570,-0.144787,-0.137290,-0.130025,-0.122941,-0.115993,-0.109138,-0.102336,-0.095547,-0.088735,-0.081863,-0.074894,-0.067795,-0.060527,-0.053055,-0.045340,-0.037345,-0.029027,-0.020343,-0.011249,-0.001694,0.008374,0.019010,0.030274,0.042234,0.054958,0.068524,0.083014,0.098518,0.115133,0.132961,0.152115,0.172711,0.194873,0.218728,0.244404,0.272024,0.301701,0.333526,0.367551,0.403773,0.442100,0.482316,0.524029,0.566611,0.609117,0.650206,0.688052,0.720286,0.743949,0.755963,0.749957,0.749957,
-0.723550,-0.723550,-0.728191,-0.712740,-0.685488,-0.650675,-0.611912,-0.571812,-0.532164,-0.494112,-0.458321,-0.425122,-0.394617,-0.366766,-0.341438,-0.318454,-0.297613,-0.278708,-0.261536,-0.245905,-0.231636,-0.218567,-0.206551,-0.195452,-0.185153,-0.175545,-0.166532,-0.158029,-0.149958,-0.142249,-0.134840,-0.127673,-0.120696,-0.113860,-0.107121,-0.100436,-0.093766,-0.087072,-0.080316,-0.073463,-0.066475,-0.059317,-0.051950,-0.044337,-0.036437,-0.028209,-0.019608,-0.010587,-0.001097,0.008918,0.019516,0.030761,0.042721,0.055473,0.069099,0.083690,0.099346,0.116174,0.134295,0.153838,0.174946,0.197772,0.222480,0.249245,0.278248,0.309671,0.343688,0.380454,0.420081,0.462609,0.507965,0.555899,0.605903,0.657106,0.708136,0.756965,0.800750,0.835683,0.857292,0.857596,0.857596,
-0.832065,-0.832065,-0.827596,-0.799385,-0.758020,-0.709557,-0.658508,-0.607858,-0.559436,-0.514251,-0.472759,-0.435062,-0.401046,-0.370479,-0.343070,-0.318506,-0.296479,-0.276696,-0.258888,-0.242807,-0.228236,-0.214979,-0.202861,-0.191729,-0.181449,-0.171900,-0.162977,-0.154586,-0.146644,-0.139077,-0.131818,-0.124807,-0.117989,-0.111314,-0.104736,-0.098212,-0.091701,-0.085163,-0.078562,-0.071861,-0.065021,-0.058008,-0.050782,-0.043307,-0.035540,-0.027440,-0.018963,-0.010060,-0.000680,0.009233,0.019739,0.030904,0.042801,0.055509,0.069116,0.083720,0.099428,0.116362,0.134653,0.154452,0.175923,0.199250,0.224635,0.252303,0.282494,0.315470,0.351503,0.390867,0.433824,0.480592,0.531302,0.585935,0.644221,0.705496,0.768513,0.831186,0.890275,0.941055,0.977188,0.988717,0.988717,
-0.970040,-0.970040,-0.948357,-0.900191,-0.838617,-0.771943,-0.705450,-0.642219,-0.583827,-0.530897,-0.483476,-0.441295,-0.403925,-0.370876,-0.341652,-0.315783,-0.292838,-0.272429,-0.254215,-0.237897,-0.223214,-0.209937,-0.197870,-0.186842,-0.176702,-0.167321,-0.158585,-0.150395,-0.142661,-0.135307,-0.128264,-0.121468,-0.114863,-0.108400,-0.102030,-0.095711,-0.089400,-0.083060,-0.076652,-0.070139,-0.063485,-0.056653,-0.049607,-0.042306,-0.034712,-0.026781,-0.018471,-0.009731,-0.000511,0.009247,0.019602,0.030623,0.042385,0.054970,0.068470,0.082987,0.098637,0.115550,0.133870,0.153764,0.175417,0.199042,0.224878,0.253196,0.284301,0.318538,0.356285,0.397955,0.443987,0.494823,0.550876,0.612462,0.679698,0.752339,0.829520,0.909395,0.988597,1.061629,1.119839,1.151289,1.151289,
-1.148888,-1.148888,-1.095384,-1.016230,-0.926070,-0.835575,-0.750189,-0.672472,-0.603227,-0.542303,-0.489077,-0.442733,-0.402420,-0.367326,-0.336716,-0.309942,-0.286441,-0.265732,-0.247401,-0.231098,-0.216524,-0.203424,-0.191579,-0.180804,-0.170937,-0.161841,-0.153396,-0.145498,-0.138055,-0.130988,-0.124227,-0.117707,-0.111372,-0.105171,-0.099057,-0.092987,-0.086919,-0.080816,-0.074639,-0.068353,-0.061922,-0.055310,-0.048480,-0.041393,-0.034012,-0.026294,-0.018194,-0.009666,-0.000658,0.008887,0.019030,0.029838,0.041388,0.053764,0.067059,0.081381,0.096848,0.113598,0.131785,0.151587,0.173210,0.196888,0.222894,0.251542,0.283200,0.318290,0.357303,0.400798,0.449415,0.503860,0.564897,0.633296,0.709749,0.794705,0.888084,0.988802,1.093991,1.197992,1.289708,1.356475,1.356475,
-1.384471,-1.384471,-1.273172,-1.146555,-1.016877,-0.896240,-0.788732,-0.695221,-0.614919,-0.546380,-0.487995,-0.438226,-0.395700,-0.359239,-0.327849,-0.300700,-0.277104,-0.256489,-0.238380,-0.222383,-0.208168,-0.195458,-0.184021,-0.173659,-0.164205,-0.155516,-0.147468,-0.139957,-0.132889,-0.126184,-0.119771,-0.113588,-0.107577,-0.101690,-0.095879,-0.090102,-0.084318,-0.078491,-0.072585,-0.066563,-0.060392,-0.054036,-0.047461,-0.040628,-0.033500,-0.026037,-0.018195,-0.009929,-0.001186,0.008087,0.017951,0.028475,0.039732,0.051807,0.064794,0.078801,0.093950,0.110381,0.128255,0.147758,0.169107,0.192556,0.218400,0.246992,0.278748,0.314165,0.353833,0.398458,0.448882,0.506100,0.571279,0.645750,0.730974,0.828433,0.939371,1.064305,1.202032,1.348263,1.490307,1.619394,1.619394,
-1.696757,-1.696757,-1.482611,-1.285210,-1.103175,-0.946559,-0.815019,-0.705823,-0.615490,-0.540683,-0.478511,-0.426577,-0.382944,-0.346058,-0.314680,-0.287817,-0.264676,-0.244614,-0.227110,-0.211740,-0.198155,-0.186065,-0.175230,-0.165448,-0.156551,-0.148393,-0.140852,-0.133822,-0.127212,-0.120943,-0.114946,-0.109159,-0.103528,-0.098003,-0.092542,-0.087101,-0.081643,-0.076132,-0.070533,-0.064814,-0.058940,-0.052879,-0.046596,-0.040058,-0.033226,-0.026063,-0.018526,-0.010573,-0.002153,0.006787,0.016304,0.026465,0.037343,0.049019,0.061587,0.075154,0.089839,0.105782,0.123147,0.142120,0.162925,0.185823,0.211126,0.239208,0.270521,0.305613,0.345155,0.389977,0.441100,0.499797,0.567643,0.646591,0.739019,0.847764,0.976030,1.127070,1.303264,1.504769,1.720511,1.958168,1.958168,
-2.109030,-2.109030,-1.718012,-1.419679,-1.172893,-0.977112,-0.822428,-0.699923,-0.602232,-0.523636,-0.459796,-0.407443,-0.364112,-0.327931,-0.297469,-0.271618,-0.249516,-0.230480,-0.213968,-0.199543,-0.186850,-0.175598,-0.165549,-0.156503,-0.148293,-0.140779,-0.133841,-0.127376,-0.121297,-0.115529,-0.110003,-0.104663,-0.099456,-0.094335,-0.089259,-0.084188,-0.079087,-0.073922,-0.068661,-0.063272,-0.057724,-0.051985,-0.046025,-0.039810,-0.033305,-0.026476,-0.019282,-0.011681,-0.003627,0.004929,0.014044,0.023779,0.034206,0.045402,0.057456,0.070470,0.084562,0.099866,0.116542,0.134772,0.154775,0.176813,0.201198,0.228309,0.258610,0.292676,0.331222,0.375152,0.425618,0.484103,0.552532,0.633430,0.730116,0.846960,0.989657,1.165451,1.382931,1.651848,1.970594,2.391779,2.391779,
-2.588271,-2.588271,-1.914508,-1.492534,-1.183131,-0.957335,-0.789282,-0.661872,-0.563508,-0.486277,-0.424705,-0.374938,-0.334219,-0.300533,-0.272390,-0.248663,-0.228492,-0.211205,-0.196275,-0.183284,-0.171892,-0.161825,-0.152855,-0.144798,-0.137496,-0.130818,-0.124654,-0.118907,-0.113499,-0.108357,-0.103421,-0.098637,-0.093957,-0.089340,-0.084747,-0.080141,-0.075492,-0.070767,-0.065939,-0.060977,-0.055854,-0.050542,-0.045012,-0.039234,-0.033177,-0.026808,-0.020091,-0.012987,-0.005456,0.002550,0.011081,0.020194,0.029954,0.040433,0.051712,0.063886,0.077063,0.091367,0.106945,0.123968,0.142640,0.163205,0.185957,0.211256,0.239544,0.271377,0.307456,0.348679,0.396218,0.451619,0.516963,0.595092,0.689961,0.807163,0.954727,1.144330,1.392922,1.726329,2.168866,2.879120,2.879120,
-3.399379,-3.399379,-2.268595,-1.657987,-1.262434,-0.995851,-0.808057,-0.670952,-0.567830,-0.488330,-0.425772,-0.375694,-0.335022,-0.301576,-0.273772,-0.250434,-0.230671,-0.213797,-0.199274,-0.186675,-0.175658,-0.165946,-0.157309,-0.149559,-0.142541,-0.136120,-0.130185,-0.124642,-0.119410,-0.114416,-0.109601,-0.104911,-0.100298,-0.095719,-0.091138,-0.086518,-0.081827,-0.077036,-0.072115,-0.067036,-0.061771,-0.056292,-0.050570,-0.044577,-0.038281,-0.031649,-0.024646,-0.017234,-0.009371,-0.001011,0.007898,0.017410,0.027592,0.038514,0.050257,0.062915,0.076595,0.091421,0.107535,0.125109,0.144340,0.165471,0.188789,0.214648,0.243485,0.275849,0.312435,0.354143,0.402157,0.458067,0.524053,0.603186,0.699908,0.820858,0.976302,1.182759,1.467864,1.881368,2.502397,3.667430,3.667430,
0.000000,0.000000,0.000000,0.000000,0.000000,0.000000,0.000000,0.000000,0.000000,0.000000,0.000000,0.000000,0.000000,0.000000,0.000000,0.000000,0.000000,0.000000,0.000000,0.000000,0.000000,0.000000,0.000000,0.000000,0.000000,0.000000,0.000000,0.000000,0.000000,0.000000,0.000000,0.000000,0.000000,0.000000,0.000000,0.000000,0.000000,0.000000,0.000000,0.000000,0.000000,0.000000,0.000000,0.000000,0.000000,0.000000,0.000000,0.000000,0.000000,0.000000,0.000000,0.000000,0.000000,0.000000,0.000000,0.000000,0.000000,0.000000,0.000000,0.000000,0.000000,0.000000,0.000000,0.000000,0.000000,0.000000,0.000000,0.000000,0.000000,0.000000,0.000000,0.000000,0.000000,0.000000,0.000000,0.000000,0.000000,0.000000,0.000000,0.000000,0.000000,
