0.000000,0.000000,0.000000,0.000000,0.000000,0.000000,0.000000,0.000000,0.000000,0.000000,0.000000,0.000000,0.000000,0.000000,0.000000,0.000000,0.000000,0.000000,0.000000,0.000000,0.000000,0.000000,0.000000,0.000000,0.000000,0.000000,0.000000,0.000000,0.000000,0.000000,0.000000,0.000000,0.000000,0.000000,0.000000,0.000000,0.000000,0.000000,0.000000,0.000000,0.000000,0.000000,0.000000,0.000000,0.000000,0.000000,0.000000,0.000000,0.000000,0.000000,0.000000,0.000000,0.000000,0.000000,0.000000,0.000000,0.000000,0.000000,0.000000,0.000000,0.000000,0.000000,0.000000,0.000000,0.000000,0.000000,0.000000,0.000000,0.000000,0.000000,0.000000,0.000000,0.000000,0.000000,0.000000,0.000000,0.000000,0.000000,0.000000,0.000000,0.000000,
0.000000,0.000016,0.000033,0.000039,0.000026,-0.000011,-0.000074,-0.000163,-0.000278,-0.000415,-0.000574,-0.000753,-0.000949,-0.001160,-0.001384,-0.001618,-0.001861,-0.002110,-0.002363,-0.002618,-0.002873,-0.003128,-0.003379,-0.003626,-0.003866,-0.004100,-0.004325,-0.004540,-0.004744,-0.004936,-0.005116,-0.005281,-0.005432,-0.005568,-0.005688,-0.005792,-0.005878,-0.005948,-0.005999,-0.006032,-0.006047,-0.006044,-0.006022,-0.005981,-0.005922,-0.005845,-0.005750,-0.005637,-0.005507,-0.005360,-0.005197,-0.005019,-0.004827,-0.004621,-0.004403,-0.004174,-0.003935,-0.003688,-0.003433,-0.003174,-0.002912,-0.002647,-0.002384,-0.002123,-0.001866,-0.001617,-0.001377,-0.001148,-0.000933,-0.000734,-0.000554,-0.000395,-0.000259,-0.000146,-0.000060,-0.000000,0.000034,0.000044,0.000036,0.000017,0.000000,
0.000000,0.000015,0.000025,0.000011,-0.000038,-0.000130,-0.000266,-0.000449,-0.000676,-0.000946,-0.001255,-0.001599,-0.001975,-0.002379,-0.002807,-0.003254,-0.003717,-0.004191,-0.004673,-0.005160,-0.005647,-0.006131,-0.006610,-0.007081,-0.007540,-0.007985,-0.008414,-0.008824,-0.009213,-0.009580,-0.009922,-0.010238,-0.010526,-0.010786,-0.011014,-0.011212,-0.011377,-0.011508,-0.011606,-0.011669,-0.011697,-0.011690,-0.011647,-0.011569,-0.011456,-0.011309,-0.011127,-0.010911,-0.010662,-0.010382,-0.010072,-0.009732,-0.009365,-0.008973,-0.008558,-0.008121,-0.007666,-0.007195,-0.006712,-0.006219,-0.005719,-0.005216,-0.004715,-0.004218,-0.003730,-0.003255,-0.002797,-0.002360,-0.001949,-0.001568,-0.001221,-0.000911,-0.000643,-0.000419,-0.000241,-0.000110,-0.000024,0.000020,0.000029,0.000017,0.000000,
0.000000,0.000002,-0.000010,-0.000060,-0.000160,-0.000317,-0.000535,-0.000816,-0.001156,-0.001555,-0.002007,-0.002507,-0.003052,-0.003635,-0.004250,-0.004893,-0.005558,-0.006238,-0.006930,-0.007627,-0.008325,-0.009020,-0.009707,-0.010381,-0.011039,-0.011677,-0.012292,-0.012880,-0.013438,-0.013963,-0.014454,-0.014907,-0.015320,-0.015691,-0.016019,-0.016301,-0.016537,-0.016725,-0.016865,-0.016955,-0.016994,-0.016983,-0.016922,-0.016810,-0.016647,-0.016435,-0.016173,-0.015863,-0.015507,-0.015105,-0.014660,-0.014173,-0.013648,-0.013086,-0.012491,-0.011866,-0.011215,-0.010541,-0.009849,-0.009143,-0.008428,-0.007709,-0.006991,-0.006279,-0.005580,-0.004898,-0.004240,-0.003612,-0.003019,-0.002468,-0.001963,-0.001510,-0.001113,-0.000776,-0.000502,-0.000290,-0.000140,-0.000047,-0.000003,0.000005,0.000000,
0.000000,-0.000018,-0.000059,-0.000155,-0.000316,-0.000548,-0.000854,-0.001236,-0.001690,-0.002215,-0.002805,-0.003455,-0.004159,-0.004909,-0.005700,-0.006524,-0.007375,-0.008246,-0.009131,-0.010022,-0.010914,-0.011802,-0.012679,-0.013540,-0.014380,-0.015195,-0.015980,-0.016730,-0.017443,-0.018114,-0.018740,-0.019317,-0.019845,-0.020318,-0.020736,-0.021097,-0.021397,-0.021637,-0.021814,-0.021929,-0.021979,-0.021964,-0.021885,-0.021741,-0.021533,-0.021261,-0.020927,-0.020531,-0.020076,-0.019563,-0.018994,-0.018373,-0.017703,-0.016986,-0.016227,-0.015430,-0.014599,-0.013740,-0.012857,-0.011957,-0.011045,-0.010127,-0.009210,-0.008301,-0.007407,-0.006535,-0.005692,-0.004886,-0.004123,-0.003411,-0.002755,-0.002163,-0.001640,-0.001189,-0.000813,-0.000515,-0.000292,-0.000139,-0.000051,-0.000014,0.000000,
0.000000,-0.000041,-0.000116,-0.000264,-0.000492,-0.000803,-0.001202,-0.001687,-0.002257,-0.002907,-0.003631,-0.004425,-0.005280,-0.006189,-0.007145,-0.008140,-0.009165,-0.010213,-0.011276,-0.012347,-0.013419,-0.014484,-0.015537,-0.016570,-0.017579,-0.018556,-0.019497,-0.020398,-0.021252,-0.022057,-0.022807,-0.023500,-0.024132,-0.024700,-0.025200,-0.025632,-0.025992,-0.026279,-0.026491,-0.026628,-0.026687,-0.026669,-0.026574,-0.026400,-0.026150,-0.025824,-0.025423,-0.024948,-0.024402,-0.023787,-0.023105,-0.022361,-0.021557,-0.020698,-0.019789,-0.018833,-0.017838,-0.016808,-0.015750,-0.014670,-0.013576,-0.012475,-0.011374,-0.010283,-0.009208,-0.008158,-0.007141,-0.006167,-0.005243,-0.004377,-0.003577,-0.002849,-0.002200,-0.001634,-0.001156,-0.000766,-0.000464,-0.000246,-0.000106,-0.000036,0.000000,
0.000000,-0.000065,-0.000176,-0.000380,-0.000677,-0.001072,-0.001565,-0.002155,-0.002840,-0.003613,-0.004470,-0.005403,-0.006404,-0.007465,-0.008578,-0.009733,-0.010922,-0.012137,-0.013367,-0.014606,-0.015845,-0.017077,-0.018292,-0.019486,-0.020650,-0.021778,-0.022864,-0.023903,-0.024889,-0.025817,-0.026682,-0.027481,-0.028210,-0.028864,-0.029442,-0.029939,-0.030354,-0.030684,-0.030929,-0.031085,-0.031154,-0.031132,-0.031022,-0.030822,-0.030533,-0.030156,-0.029693,-0.029146,-0.028516,-0.027806,-0.027021,-0.026162,-0.025236,-0.024245,-0.023197,-0.022095,-0.020947,-0.019759,-0.018538,-0.017292,-0.016029,-0.014757,-0.013485,-0.012222,-0.010977,-0.009760,-0.008579,-0.007445,-0.006367,-0.005353,-0.004412,-0.003551,-0.002778,-0.002098,-0.001514,-0.001030,-0.000646,-0.000359,-0.000165,-0.000060,0.000000,
0.000000,-0.000090,-0.000237,-0.000497,-0.000865,-0.001345,-0.001934,-0.002629,-0.003428,-0.004324,-0.005310,-0.006379,-0.007521,-0.008729,-0.009991,-0.011300,-0.012645,-0.014017,-0.015406,-0.016803,-0.018200,-0.019586,-0.020955,-0.022297,-0.023607,-0.024876,-0.026097,-0.027265,-0.028373,-0.029416,-0.030388,-0.031286,-0.032105,-0.032840,-0.033488,-0.034047,-0.034513,-0.034884,-0.035158,-0.035334,-0.035410,-0.035386,-0.035261,-0.035037,-0.034712,-0.034289,-0.033769,-0.033154,-0.032446,-0.031649,-0.030767,-0.029803,-0.028762,-0.027649,-0.026471,-0.025233,-0.023943,-0.022607,-0.021234,-0.019833,-0.018411,-0.016978,-0.015545,-0.014120,-0.012714,-0.011338,-0.010001,-0.008714,-0.007486,-0.006329,-0.005250,-0.004259,-0.003363,-0.002568,-0.001879,-0.001300,-0.000831,-0.000474,-0.000225,-0.000084,0.000000,
0.000000,-0.000114,-0.000297,-0.000613,-0.001053,-0.001616,-0.002301,-0.003102,-0.004014,-0.005031,-0.006145,-0.007346,-0.008626,-0.009975,-0.011383,-0.012840,-0.014334,-0.015856,-0.017396,-0.018943,-0.020488,-0.022021,-0.023534,-0.025018,-0.026464,-0.027865,-0.029213,-0.030502,-0.031725,-0.032875,-0.033948,-0.034938,-0.035841,-0.036652,-0.037367,-0.037983,-0.038496,-0.038905,-0.039208,-0.039401,-0.039485,-0.039459,-0.039322,-0.039074,-0.038717,-0.038250,-0.037677,-0.036999,-0.036220,-0.035341,-0.034369,-0.033306,-0.032158,-0.030931,-0.029632,-0.028266,-0.026842,-0.025367,-0.023851,-0.022302,-0.020730,-0.019146,-0.017558,-0.015979,-0.014420,-0.012890,-0.011402,-0.009967,-0.008596,-0.007298,-0.006085,-0.004965,-0.003946,-0.003037,-0.002243,-0.001568,-0.001016,-0.000588,-0.000284,-0.000108,0.000000,
0.000000,-0.000137,-0.000355,-0.000725,-0.001236,-0.001883,-0.002663,-0.003569,-0.004594,-0.005730,-0.006969,-0.008301,-0.009716,-0.011203,-0.012751,-0.014350,-0.015989,-0.017655,-0.019339,-0.021030,-0.022717,-0.024391,-0.026041,-0.027658,-0.029234,-0.030760,-0.032229,-0.033632,-0.034963,-0.036215,-0.037383,-0.038460,-0.039442,-0.040324,-0.041102,-0.041772,-0.042331,-0.042776,-0.043105,-0.043316,-0.043408,-0.043379,-0.043231,-0.042962,-0.042574,-0.042067,-0.041445,-0.040708,-0.039861,-0.038906,-0.037849,-0.036693,-0.035445,-0.034110,-0.032696,-0.031210,-0.029659,-0.028053,-0.026400,-0.024711,-0.022996,-0.021266,-0.019531,-0.017804,-0.016096,-0.014418,-0.012784,-0.011205,-0.009692,-0.008257,-0.006910,-0.005663,-0.004524,-0.003501,-0.002602,-0.001832,-0.001197,-0.000699,-0.000341,-0.000131,0.000000,
0.000000,-0.000159,-0.000411,-0.000835,-0.001414,-0.002144,-0.003018,-0.004027,-0.005163,-0.006417,-0.007780,-0.009240,-0.010787,-0.012410,-0.014096,-0.015834,-0.017612,-0.019419,-0.021242,-0.023071,-0.024895,-0.026703,-0.028485,-0.030230,-0.031930,-0.033576,-0.035158,-0.036670,-0.038105,-0.039454,-0.040711,-0.041871,-0.042929,-0.043879,-0.044716,-0.045438,-0.046040,-0.046520,-0.046874,-0.047102,-0.047202,-0.047172,-0.047014,-0.046725,-0.046309,-0.045765,-0.045096,-0.044305,-0.043394,-0.042367,-0.041230,-0.039986,-0.038643,-0.037206,-0.035683,-0.034081,-0.032409,-0.030677,-0.028894,-0.027071,-0.025218,-0.023347,-0.021469,-0.019598,-0.017745,-0.015924,-0.014146,-0.012425,-0.010773,-0.009203,-0.007725,-0.006352,-0.005093,-0.003958,-0.002954,-0.002091,-0.001373,-0.000807,-0.000395,-0.000152,0.000000,
0.000000,-0.000180,-0.000464,-0.000940,-0.001587,-0.002398,-0.003364,-0.004475,-0.005721,-0.007092,-0.008577,-0.010164,-0.011841,-0.013596,-0.015417,-0.017292,-0.019206,-0.021150,-0.023109,-0.025072,-0.027029,-0.028967,-0.030875,-0.032744,-0.034563,-0.036324,-0.038017,-0.039634,-0.041166,-0.042608,-0.043952,-0.045192,-0.046322,-0.047337,-0.048232,-0.049003,-0.049647,-0.050160,-0.050540,-0.050784,-0.050892,-0.050862,-0.050694,-0.050388,-0.049945,-0.049367,-0.048654,-0.047811,-0.046840,-0.045745,-0.044531,-0.043204,-0.041770,-0.040235,-0.038608,-0.036896,-0.035108,-0.033254,-0.031345,-0.029391,-0.027404,-0.025396,-0.023380,-0.021368,-0.019374,-0.017410,-0.015492,-0.013631,-0.011842,-0.010137,-0.008529,-0.007031,-0.005653,-0.004406,-0.003300,-0.002343,-0.001544,-0.000911,-0.000448,-0.000173,0.000000,
0.000000,-0.000200,-0.000516,-0.001042,-0.001755,-0.002645,-0.003702,-0.004914,-0.006268,-0.007755,-0.009360,-0.011073,-0.012878,-0.014765,-0.016719,-0.018727,-0.020776,-0.022853,-0.024945,-0.027040,-0.029126,-0.031190,-0.033222,-0.035211,-0.037146,-0.039018,-0.040818,-0.042536,-0.044164,-0.045696,-0.047123,-0.048440,-0.049640,-0.050718,-0.051669,-0.052488,-0.053172,-0.053718,-0.054123,-0.054384,-0.054501,-0.054471,-0.054295,-0.053973,-0.053505,-0.052894,-0.052140,-0.051248,-0.050220,-0.049060,-0.047774,-0.046367,-0.044845,-0.043216,-0.041488,-0.039669,-0.037768,-0.035796,-0.033764,-0.031683,-0.029565,-0.027423,-0.025270,-0.023120,-0.020986,-0.018882,-0.016824,-0.014825,-0.012899,-0.011061,-0.009324,-0.007701,-0.006204,-0.004846,-0.003638,-0.002589,-0.001711,-0.001011,-0.000499,-0.000193,0.000000,
0.000000,-0.000220,-0.000565,-0.001140,-0.001918,-0.002886,-0.004032,-0.005343,-0.006805,-0.008406,-0.010131,-0.011968,-0.013901,-0.015918,-0.018003,-0.020144,-0.022325,-0.024534,-0.026757,-0.028981,-0.031194,-0.033383,-0.035535,-0.037642,-0.039690,-0.041671,-0.043574,-0.045391,-0.047113,-0.048731,-0.050240,-0.051632,-0.052900,-0.054040,-0.055045,-0.055912,-0.056636,-0.057214,-0.057644,-0.057922,-0.058048,-0.058019,-0.057837,-0.057500,-0.057009,-0.056367,-0.055575,-0.054635,-0.053553,-0.052331,-0.050975,-0.049491,-0.047885,-0.046165,-0.044338,-0.042415,-0.040405,-0.038317,-0.036165,-0.033959,-0.031712,-0.029437,-0.027149,-0.024861,-0.022588,-0.020346,-0.018148,-0.016011,-0.013949,-0.011977,-0.010110,-0.008363,-0.006748,-0.005280,-0.003970,-0.002830,-0.001873,-0.001109,-0.000548,-0.000212,0.000000,
0.000000,-0.000239,-0.000613,-0.001236,-0.002077,-0.003121,-0.004356,-0.005765,-0.007333,-0.009047,-0.010892,-0.012852,-0.014912,-0.017058,-0.019274,-0.021546,-0.023859,-0.026199,-0.028551,-0.030903,-0.033241,-0.035552,-0.037824,-0.040046,-0.042206,-0.044293,-0.046298,-0.048212,-0.050025,-0.051730,-0.053318,-0.054784,-0.056119,-0.057319,-0.058378,-0.059292,-0.060056,-0.060667,-0.061121,-0.061417,-0.061553,-0.061526,-0.061338,-0.060988,-0.060477,-0.059805,-0.058976,-0.057992,-0.056857,-0.055576,-0.054152,-0.052593,-0.050905,-0.049096,-0.047175,-0.045149,-0.043031,-0.040830,-0.038558,-0.036229,-0.033854,-0.031448,-0.029025,-0.026600,-0.024189,-0.021806,-0.019469,-0.017193,-0.014995,-0.012889,-0.010892,-0.009020,-0.007287,-0.005708,-0.004297,-0.003067,-0.002032,-0.001204,-0.000595,-0.000231,0.000000,
0.000000,-0.000257,-0.000660,-0.001329,-0.002232,-0.003352,-0.004674,-0.006180,-0.007855,-0.009681,-0.011644,-0.013727,-0.015914,-0.018189,-0.020535,-0.022938,-0.025382,-0.027852,-0.030334,-0.032813,-0.035275,-0.037707,-0.040098,-0.042433,-0.044703,-0.046896,-0.049002,-0.051012,-0.052915,-0.054705,-0.056372,-0.057910,-0.059312,-0.060572,-0.061685,-0.062645,-0.063449,-0.064092,-0.064572,-0.064886,-0.065033,-0.065010,-0.064818,-0.064456,-0.063925,-0.063226,-0.062362,-0.061336,-0.060151,-0.058811,-0.057322,-0.055690,-0.053923,-0.052026,-0.050011,-0.047885,-0.045660,-0.043346,-0.040957,-0.038504,-0.036001,-0.033464,-0.030906,-0.028344,-0.025793,-0.023271,-0.020794,-0.018378,-0.016042,-0.013801,-0.011674,-0.009676,-0.007824,-0.006134,-0.004622,-0.003302,-0.002189,-0.001298,-0.000642,-0.000249,0.000000,
0.000000,-0.000275,-0.000706,-0.001421,-0.002385,-0.003580,-0.004988,-0.006591,-0.008371,-0.010311,-0.012392,-0.014598,-0.016911,-0.019315,-0.021792,-0.024326,-0.026901,-0.029501,-0.032112,-0.034717,-0.037303,-0.039857,-0.042364,-0.044814,-0.047193,-0.049491,-0.051698,-0.053802,-0.055795,-0.057669,-0.059414,-0.061024,-0.062493,-0.063813,-0.064979,-0.065986,-0.066830,-0.067506,-0.068013,-0.068346,-0.068504,-0.068486,-0.068291,-0.067919,-0.067370,-0.066646,-0.065749,-0.064682,-0.063448,-0.062052,-0.060500,-0.058797,-0.056951,-0.054969,-0.052861,-0.050635,-0.048304,-0.045879,-0.043371,-0.040795,-0.038165,-0.035496,-0.032802,-0.030102,-0.027411,-0.024747,-0.022128,-0.019571,-0.017095,-0.014718,-0.012459,-0.010334,-0.008362,-0.006560,-0.004946,-0.003535,-0.002345,-0.001391,-0.000688,-0.000267,0.000000,
0.000000,-0.000292,-0.000751,-0.001512,-0.002536,-0.003805,-0.005300,-0.006999,-0.008885,-0.010937,-0.013138,-0.015467,-0.017907,-0.020440,-0.023049,-0.025714,-0.028421,-0.031151,-0.033891,-0.036623,-0.039333,-0.042008,-0.044633,-0.047196,-0.049685,-0.052088,-0.054394,-0.056593,-0.058676,-0.060633,-0.062457,-0.064140,-0.065674,-0.067054,-0.068274,-0.069329,-0.070213,-0.070924,-0.071457,-0.071811,-0.071982,-0.071970,-0.071773,-0.071392,-0.070827,-0.070079,-0.069151,-0.068045,-0.066765,-0.065314,-0.063700,-0.061927,-0.060004,-0.057937,-0.055737,-0.053413,-0.050977,-0.048439,-0.045814,-0.043114,-0.040355,-0.037553,-0.034723,-0.031882,-0.029049,-0.026242,-0.023478,-0.020778,-0.018161,-0.015645,-0.013251,-0.010998,-0.008904,-0.006989,-0.005272,-0.003770,-0.002501,-0.001484,-0.000734,-0.000285,0.000000,
0.000000,-0.000310,-0.000796,-0.001602,-0.002687,-0.004030,-0.005611,-0.007408,-0.009399,-0.011565,-0.013884,-0.016338,-0.018906,-0.021570,-0.024310,-0.027108,-0.029946,-0.032809,-0.035677,-0.038537,-0.041372,-0.044168,-0.046912,-0.049589,-0.052187,-0.054695,-0.057101,-0.059395,-0.061567,-0.063609,-0.065511,-0.067267,-0.068868,-0.070309,-0.071583,-0.072685,-0.073611,-0.074357,-0.074919,-0.075294,-0.075479,-0.075475,-0.075278,-0.074890,-0.074310,-0.073540,-0.072582,-0.071439,-0.070113,-0.068610,-0.066935,-0.065094,-0.063094,-0.060944,-0.058653,-0.056230,-0.053688,-0.051039,-0.048295,-0.045471,-0.042582,-0.039645,-0.036676,-0.033694,-0.030716,-0.027762,-0.024852,-0.022006,-0.019244,-0.016587,-0.014056,-0.011671,-0.009454,-0.007423,-0.005601,-0.004006,-0.002659,-0.001578,-0.000780,-0.000303,0.000000,
0.000000,-0.000327,-0.000841,-0.001692,-0.002838,-0.004256,-0.005923,-0.007818,-0.009916,-0.012195,-0.014636,-0.017215,-0.019912,-0.022707,-0.025580,-0.028512,-0.031484,-0.034479,-0.037478,-0.040466,-0.043427,-0.046346,-0.049207,-0.051999,-0.054707,-0.057321,-0.059827,-0.062217,-0.064479,-0.066606,-0.068587,-0.070416,-0.072084,-0.073586,-0.074916,-0.076067,-0.077036,-0.077818,-0.078409,-0.078806,-0.079008,-0.079012,-0.078817,-0.078424,-0.077831,-0.077041,-0.076055,-0.074876,-0.073507,-0.071952,-0.070218,-0.068310,-0.066235,-0.064001,-0.061619,-0.059098,-0.056451,-0.053688,-0.050825,-0.047875,-0.044855,-0.041781,-0.038672,-0.035545,-0.032420,-0.029317,-0.026257,-0.023261,-0.020351,-0.017550,-0.014878,-0.012359,-0.010014,-0.007866,-0.005937,-0.004248,-0.002819,-0.001673,-0.000827,-0.000321,0.000000,
0.000000,-0.000345,-0.000886,-0.001783,-0.002990,-0.004483,-0.006239,-0.008231,-0.010437,-0.012832,-0.015394,-0.018100,-0.020928,-0.023856,-0.026864,-0.029931,-0.033039,-0.036167,-0.039299,-0.042417,-0.045504,-0.048546,-0.051528,-0.054435,-0.057254,-0.059973,-0.062581,-0.065067,-0.067420,-0.069632,-0.071693,-0.073595,-0.075332,-0.076896,-0.078282,-0.079483,-0.080496,-0.081315,-0.081937,-0.082359,-0.082578,-0.082592,-0.082401,-0.082004,-0.081400,-0.080592,-0.079579,-0.078366,-0.076955,-0.075351,-0.073559,-0.071584,-0.069435,-0.067119,-0.064647,-0.062028,-0.059274,-0.056398,-0.053414,-0.050337,-0.047184,-0.043971,-0.040718,-0.037443,-0.034168,-0.030912,-0.027699,-0.024550,-0.021488,-0.018538,-0.015722,-0.013065,-0.010590,-0.008321,-0.006281,-0.004495,-0.002984,-0.001771,-0.000875,-0.000340,0.000000,
0.000000,-0.000363,-0.000932,-0.001875,-0.003144,-0.004714,-0.006558,-0.008650,-0.010966,-0.013478,-0.016164,-0.018999,-0.021959,-0.025022,-0.028167,-0.031371,-0.034615,-0.037879,-0.041145,-0.044394,-0.047610,-0.050776,-0.053878,-0.056902,-0.059833,-0.062660,-0.065370,-0.067952,-0.070397,-0.072695,-0.074836,-0.076814,-0.078620,-0.080247,-0.081690,-0.082942,-0.084000,-0.084857,-0.085512,-0.085959,-0.086198,-0.086225,-0.086039,-0.085640,-0.085027,-0.084202,-0.083165,-0.081920,-0.080469,-0.078816,-0.076967,-0.074928,-0.072705,-0.070308,-0.067745,-0.065027,-0.062167,-0.059177,-0.056071,-0.052866,-0.049577,-0.046223,-0.042824,-0.039398,-0.035968,-0.032556,-0.029185,-0.025878,-0.022661,-0.019557,-0.016593,-0.013793,-0.011184,-0.008790,-0.006637,-0.004750,-0.003153,-0.001871,-0.000925,-0.000359,0.000000,
0.000000,-0.000381,-0.000979,-0.001969,-0.003301,-0.004948,-0.006883,-0.009077,-0.011504,-0.014136,-0.016947,-0.019913,-0.023008,-0.026209,-0.029492,-0.032836,-0.036219,-0.039620,-0.043021,-0.046403,-0.049749,-0.053041,-0.056266,-0.059407,-0.062451,-0.065386,-0.068199,-0.070879,-0.073416,-0.075801,-0.078024,-0.080077,-0.081952,-0.083644,-0.085145,-0.086450,-0.087554,-0.088452,-0.089140,-0.089615,-0.089874,-0.089915,-0.089737,-0.089338,-0.088718,-0.087878,-0.086819,-0.085544,-0.084054,-0.082355,-0.080451,-0.078348,-0.076053,-0.073575,-0.070923,-0.068107,-0.065140,-0.062034,-0.058806,-0.055470,-0.052044,-0.048546,-0.044997,-0.041417,-0.037829,-0.034256,-0.030723,-0.027254,-0.023875,-0.020613,-0.017495,-0.014548,-0.011799,-0.009276,-0.007006,-0.005015,-0.003329,-0.001976,-0.000977,-0.000379,0.000000,
0.000000,-0.000400,-0.001026,-0.002065,-0.003461,-0.005188,-0.007215,-0.009513,-0.012053,-0.014807,-0.017747,-0.020846,-0.024079,-0.027419,-0.030844,-0.034329,-0.037853,-0.041394,-0.044932,-0.048449,-0.051926,-0.055346,-0.058694,-0.061953,-0.065112,-0.068156,-0.071073,-0.073851,-0.076482,-0.078954,-0.081259,-0.083389,-0.085336,-0.087093,-0.088653,-0.090012,-0.091163,-0.092103,-0.092826,-0.093331,-0.093613,-0.093670,-0.093501,-0.093104,-0.092479,-0.091627,-0.090548,-0.089244,-0.087719,-0.085975,-0.084017,-0.081852,-0.079486,-0.076928,-0.074187,-0.071273,-0.068199,-0.064978,-0.061625,-0.058157,-0.054591,-0.050946,-0.047244,-0.043507,-0.039756,-0.036018,-0.032318,-0.028681,-0.025136,-0.021711,-0.018434,-0.015334,-0.012440,-0.009783,-0.007390,-0.005291,-0.003513,-0.002085,-0.001031,-0.000400,0.000000,
0.000000,-0.000419,-0.001075,-0.002164,-0.003626,-0.005434,-0.007556,-0.009961,-0.012617,-0.015495,-0.018566,-0.021802,-0.025174,-0.028657,-0.032226,-0.035855,-0.039522,-0.043205,-0.046882,-0.050536,-0.054145,-0.057694,-0.061167,-0.064546,-0.067820,-0.070974,-0.073995,-0.076874,-0.079598,-0.082159,-0.084547,-0.086754,-0.088772,-0.090595,-0.092216,-0.093630,-0.094830,-0.095813,-0.096574,-0.097109,-0.097416,-0.097491,-0.097333,-0.096941,-0.096314,-0.095452,-0.094355,-0.093026,-0.091466,-0.089680,-0.087671,-0.085445,-0.083010,-0.080373,-0.077543,-0.074532,-0.071350,-0.068013,-0.064535,-0.060933,-0.057225,-0.053432,-0.049574,-0.045674,-0.041758,-0.037849,-0.033976,-0.030167,-0.026450,-0.022855,-0.019413,-0.016154,-0.013110,-0.010313,-0.007792,-0.005580,-0.003706,-0.002200,-0.001088,-0.000422,0.000000,
0.000000,-0.000439,-0.001126,-0.002265,-0.003796,-0.005688,-0.007907,-0.010421,-0.013196,-0.016202,-0.019407,-0.022782,-0.026297,-0.029926,-0.033641,-0.037416,-0.041229,-0.045056,-0.048875,-0.052666,-0.056410,-0.060090,-0.063688,-0.067188,-0.070578,-0.073842,-0.076969,-0.079947,-0.082766,-0.085416,-0.087887,-0.090172,-0.092263,-0.094153,-0.095836,-0.097305,-0.098556,-0.099583,-0.100383,-0.100951,-0.101284,-0.101380,-0.101236,-0.100851,-0.100224,-0.099354,-0.098242,-0.096889,-0.095298,-0.093472,-0.091414,-0.089131,-0.086628,-0.083913,-0.080997,-0.077888,-0.074600,-0.071146,-0.067542,-0.063805,-0.059954,-0.056008,-0.051991,-0.047926,-0.043839,-0.039755,-0.035705,-0.031716,-0.027821,-0.024050,-0.020436,-0.017012,-0.013812,-0.010868,-0.008214,-0.005884,-0.003908,-0.002320,-0.001147,-0.000445,0.000000,
0.000000,-0.000459,-0.001179,-0.002371,-0.003972,-0.005950,-0.008269,-0.010895,-0.013793,-0.016929,-0.020272,-0.023789,-0.027451,-0.031228,-0.035092,-0.039017,-0.042977,-0.046950,-0.050912,-0.054843,-0.058723,-0.062534,-0.066259,-0.069881,-0.073387,-0.076762,-0.079995,-0.083073,-0.085987,-0.088726,-0.091281,-0.093644,-0.095808,-0.097766,-0.099511,-0.101037,-0.102339,-0.103412,-0.104252,-0.104854,-0.105216,-0.105335,-0.105207,-0.104832,-0.104207,-0.103333,-0.102209,-0.100836,-0.099216,-0.097353,-0.095249,-0.092910,-0.090341,-0.087552,-0.084550,-0.081345,-0.077951,-0.074381,-0.070651,-0.066778,-0.062781,-0.058681,-0.054502,-0.050268,-0.046005,-0.041742,-0.037508,-0.033335,-0.029255,-0.025301,-0.021509,-0.017913,-0.014549,-0.011452,-0.008658,-0.006204,-0.004122,-0.002448,-0.001211,-0.000470,0.000000,
0.000000,-0.000480,-0.001233,-0.002480,-0.004154,-0.006221,-0.008643,-0.011385,-0.014408,-0.017679,-0.021163,-0.024826,-0.028637,-0.032565,-0.036581,-0.040658,-0.044769,-0.048889,-0.052997,-0.057069,-0.061086,-0.065029,-0.068880,-0.072625,-0.076247,-0.079734,-0.083072,-0.086251,-0.089259,-0.092087,-0.094726,-0.097168,-0.099405,-0.101430,-0.103238,-0.104821,-0.106176,-0.107296,-0.108177,-0.108816,-0.109209,-0.109352,-0.109243,-0.108880,-0.108261,-0.107385,-0.106252,-0.104862,-0.103218,-0.101320,-0.099173,-0.096781,-0.094151,-0.091288,-0.088203,-0.084905,-0.081406,-0.077720,-0.073864,-0.069854,-0.065710,-0.061454,-0.057110,-0.052703,-0.048261,-0.043813,-0.039391,-0.035027,-0.030756,-0.026613,-0.022635,-0.018859,-0.015323,-0.012067,-0.009127,-0.006541,-0.004348,-0.002583,-0.001277,-0.000496,0.000000,
0.000000,-0.000502,-0.001290,-0.002593,-0.004342,-0.006501,-0.009031,-0.011891,-0.015044,-0.018453,-0.022081,-0.025894,-0.029858,-0.033940,-0.038111,-0.042342,-0.046605,-0.050876,-0.055129,-0.059343,-0.063498,-0.067574,-0.071553,-0.075419,-0.079158,-0.082755,-0.086199,-0.089477,-0.092579,-0.095496,-0.098218,-0.100738,-0.103048,-0.105141,-0.107011,-0.108653,-0.110060,-0.111228,-0.112153,-0.112830,-0.113255,-0.113425,-0.113337,-0.112989,-0.112379,-0.111505,-0.110366,-0.108963,-0.107297,-0.105370,-0.103183,-0.100743,-0.098053,-0.095121,-0.091955,-0.088565,-0.084964,-0.081164,-0.077182,-0.073035,-0.068744,-0.064331,-0.059819,-0.055237,-0.050611,-0.045974,-0.041357,-0.036797,-0.032327,-0.027988,-0.023817,-0.019853,-0.016139,-0.012715,-0.009621,-0.006898,-0.004587,-0.002725,-0.001349,-0.000523,0.000000,
0.000000,-0.000525,-0.001349,-0.002711,-0.004538,-0.006793,-0.009432,-0.012415,-0.015702,-0.019253,-0.023029,-0.026995,-0.031114,-0.035354,-0.039683,-0.044070,-0.048487,-0.052909,-0.057310,-0.061667,-0.065959,-0.070168,-0.074274,-0.078262,-0.082116,-0.085823,-0.089371,-0.092747,-0.095942,-0.098946,-0.101751,-0.104348,-0.106730,-0.108891,-0.110824,-0.112523,-0.113984,-0.115201,-0.116169,-0.116886,-0.117345,-0.117544,-0.117480,-0.117150,-0.116552,-0.115683,-0.114543,-0.113131,-0.111448,-0.109494,-0.107273,-0.104788,-0.102043,-0.099045,-0.095803,-0.092325,-0.088623,-0.084711,-0.080605,-0.076323,-0.071884,-0.067312,-0.062632,-0.057871,-0.053058,-0.048227,-0.043411,-0.038648,-0.033974,-0.029430,-0.025058,-0.020900,-0.016999,-0.013398,-0.010143,-0.007276,-0.004840,-0.002877,-0.001424,-0.000553,0.000000,
0.000000,-0.000550,-0.001410,-0.002833,-0.004742,-0.007095,-0.009849,-0.012959,-0.016383,-0.020079,-0.024008,-0.028130,-0.032408,-0.036809,-0.041297,-0.045842,-0.050416,-0.054989,-0.059538,-0.064038,-0.068468,-0.072809,-0.077041,-0.081149,-0.085118,-0.088933,-0.092583,-0.096056,-0.099342,-0.102431,-0.105316,-0.107989,-0.110442,-0.112669,-0.114664,-0.116421,-0.117935,-0.119201,-0.120215,-0.120971,-0.121467,-0.121698,-0.121660,-0.121351,-0.120768,-0.119909,-0.118771,-0.117354,-0.115659,-0.113684,-0.111433,-0.108908,-0.106113,-0.103055,-0.099740,-0.096177,-0.092379,-0.088358,-0.084131,-0.079714,-0.075129,-0.070398,-0.065548,-0.060606,-0.055604,-0.050575,-0.045555,-0.040583,-0.035698,-0.030943,-0.026362,-0.022001,-0.017904,-0.014120,-0.010695,-0.007675,-0.005108,-0.003038,-0.001504,-0.000584,0.000000,
0.000000,-0.000575,-0.001474,-0.002961,-0.004954,-0.007409,-0.010281,-0.013522,-0.017087,-0.020933,-0.025017,-0.029299,-0.033740,-0.038303,-0.042954,-0.047659,-0.052389,-0.057115,-0.061812,-0.066455,-0.071022,-0.075493,-0.079850,-0.084076,-0.088156,-0.092077,-0.095827,-0.099393,-0.102768,-0.105940,-0.108903,-0.111649,-0.114171,-0.116463,-0.118518,-0.120332,-0.121899,-0.123214,-0.124273,-0.125071,-0.125605,-0.125869,-0.125860,-0.125576,-0.125012,-0.124166,-0.123035,-0.121619,-0.119916,-0.117926,-0.115651,-0.113092,-0.110253,-0.107139,-0.103757,-0.100116,-0.096226,-0.092100,-0.087754,-0.083206,-0.078476,-0.073587,-0.068567,-0.063444,-0.058250,-0.053020,-0.047791,-0.042605,-0.037502,-0.032529,-0.027732,-0.023158,-0.018858,-0.014881,-0.011278,-0.008098,-0.005392,-0.003208,-0.001590,-0.000617,0.000000,
0.000000,-0.000601,-0.001541,-0.003094,-0.005174,-0.007736,-0.010729,-0.014105,-0.017816,-0.021816,-0.026060,-0.030505,-0.035111,-0.039839,-0.044653,-0.049520,-0.054407,-0.059286,-0.064129,-0.068913,-0.073615,-0.078215,-0.082693,-0.087035,-0.091224,-0.095247,-0.099093,-0.102750,-0.106209,-0.109461,-0.112499,-0.115315,-0.117903,-0.120256,-0.122370,-0.124239,-0.125858,-0.127222,-0.128326,-0.129167,-0.129739,-0.130039,-0.130062,-0.129805,-0.129264,-0.128435,-0.127317,-0.125906,-0.124202,-0.122203,-0.119910,-0.117324,-0.114447,-0.111285,-0.107843,-0.104129,-0.100153,-0.095928,-0.091468,-0.086792,-0.081920,-0.076876,-0.071687,-0.066382,-0.060994,-0.055561,-0.050120,-0.044714,-0.039388,-0.034190,-0.029168,-0.024375,-0.019862,-0.015684,-0.011894,-0.008546,-0.005694,-0.003390,-0.001680,-0.000653,0.000000,
0.000000,-0.000628,-0.001610,-0.003232,-0.005404,-0.008075,-0.011195,-0.014710,-0.018570,-0.022728,-0.027134,-0.031746,-0.036519,-0.041414,-0.046394,-0.051422,-0.056466,-0.061496,-0.066486,-0.071409,-0.076243,-0.080968,-0.085565,-0.090017,-0.094311,-0.098432,-0.102369,-0.106111,-0.109650,-0.112978,-0.116086,-0.118968,-0.121618,-0.124031,-0.126200,-0.128122,-0.129791,-0.131202,-0.132352,-0.133235,-0.133847,-0.134184,-0.134241,-0.134015,-0.133501,-0.132695,-0.131594,-0.130195,-0.128496,-0.126495,-0.124191,-0.121585,-0.118679,-0.115476,-0.111982,-0.108202,-0.104148,-0.099830,-0.095263,-0.090464,-0.085455,-0.080259,-0.074903,-0.069417,-0.063836,-0.058197,-0.052540,-0.046912,-0.041357,-0.035927,-0.030674,-0.025652,-0.020918,-0.016529,-0.012544,-0.009019,-0.006013,-0.003582,-0.001777,-0.000691,0.000000,
0.000000,-0.000657,-0.001683,-0.003377,-0.005642,-0.008428,-0.011677,-0.015336,-0.019350,-0.023669,-0.028242,-0.033022,-0.037965,-0.043029,-0.048174,-0.053363,-0.058563,-0.063744,-0.068877,-0.073936,-0.078899,-0.083744,-0.088454,-0.093013,-0.097405,-0.101618,-0.105640,-0.109463,-0.113076,-0.116472,-0.119645,-0.122589,-0.125296,-0.127763,-0.129985,-0.131956,-0.133673,-0.135130,-0.136324,-0.137249,-0.137902,-0.138278,-0.138372,-0.138179,-0.137696,-0.136917,-0.135839,-0.134459,-0.132772,-0.130776,-0.128470,-0.125854,-0.122927,-0.119692,-0.116154,-0.112319,-0.108194,-0.103792,-0.099125,-0.094212,-0.089071,-0.083727,-0.078208,-0.072544,-0.066770,-0.060925,-0.055052,-0.049197,-0.043409,-0.037741,-0.032249,-0.026992,-0.022028,-0.017420,-0.013229,-0.009519,-0.006350,-0.003786,-0.001879,-0.000731,0.000000,
0.000000,-0.000687,-0.001759,-0.003527,-0.005891,-0.008794,-0.012178,-0.015984,-0.020156,-0.024640,-0.029382,-0.034334,-0.039448,-0.044681,-0.049991,-0.055341,-0.060695,-0.066023,-0.071295,-0.076486,-0.081572,-0.086533,-0.091350,-0.096008,-0.100492,-0.104789,-0.108890,-0.112785,-0.116465,-0.119924,-0.123155,-0.126153,-0.128913,-0.131429,-0.133698,-0.135714,-0.137475,-0.138976,-0.140212,-0.141179,-0.141873,-0.142289,-0.142421,-0.142266,-0.141818,-0.141071,-0.140023,-0.138667,-0.137000,-0.135019,-0.132720,-0.130102,-0.127165,-0.123909,-0.120339,-0.116457,-0.112273,-0.107797,-0.103040,-0.098019,-0.092755,-0.087271,-0.081594,-0.075755,-0.069791,-0.063742,-0.057651,-0.051567,-0.045542,-0.039632,-0.033895,-0.028394,-0.023192,-0.018356,-0.013951,-0.010046,-0.006707,-0.004002,-0.001988,-0.000773,0.000000,
0.000000,-0.000718,-0.001838,-0.003684,-0.006149,-0.009174,-0.012697,-0.016655,-0.020989,-0.025640,-0.030555,-0.035680,-0.040966,-0.046368,-0.051842,-0.057350,-0.062856,-0.068327,-0.073734,-0.079050,-0.084253,-0.089322,-0.094239,-0.098987,-0.103555,-0.107928,-0.112099,-0.116057,-0.119796,-0.123309,-0.126590,-0.129634,-0.132438,-0.134997,-0.137307,-0.139365,-0.141166,-0.142706,-0.143983,-0.144990,-0.145725,-0.146181,-0.146354,-0.146239,-0.145830,-0.145121,-0.144108,-0.142785,-0.141147,-0.139189,-0.136907,-0.134299,-0.131363,-0.128098,-0.124507,-0.120592,-0.116361,-0.111822,-0.106986,-0.101870,-0.096492,-0.090876,-0.085049,-0.079042,-0.072893,-0.066641,-0.060334,-0.054021,-0.047756,-0.041599,-0.035611,-0.029860,-0.024412,-0.019338,-0.014711,-0.010602,-0.007085,-0.004230,-0.002103,-0.000819,0.000000,
0.000000,-0.000750,-0.001921,-0.003847,-0.006418,-0.009569,-0.013234,-0.017348,-0.021847,-0.026670,-0.031758,-0.037058,-0.042516,-0.048086,-0.053723,-0.059386,-0.065039,-0.070648,-0.076183,-0.081618,-0.086930,-0.092098,-0.097104,-0.101934,-0.106575,-0.111014,-0.115243,-0.119255,-0.123041,-0.126598,-0.129919,-0.133002,-0.135842,-0.138435,-0.140780,-0.142871,-0.144707,-0.146283,-0.147597,-0.148642,-0.149417,-0.149914,-0.150129,-0.150057,-0.149692,-0.149026,-0.148056,-0.146773,-0.145172,-0.143247,-0.140994,-0.138408,-0.135485,-0.132225,-0.128628,-0.124694,-0.120430,-0.115842,-0.110942,-0.105743,-0.100263,-0.094526,-0.088559,-0.082392,-0.076063,-0.069615,-0.063094,-0.056552,-0.050046,-0.043639,-0.037397,-0.031388,-0.025687,-0.020368,-0.015509,-0.011187,-0.007482,-0.004471,-0.002225,-0.000867,0.000000,
0.000000,-0.000784,-0.002007,-0.004017,-0.006697,-0.009978,-0.013791,-0.018064,-0.022731,-0.027728,-0.032992,-0.038467,-0.044097,-0.049833,-0.055629,-0.061443,-0.067237,-0.072976,-0.078632,-0.084176,-0.089587,-0.094844,-0.099929,-0.104828,-0.109529,-0.114022,-0.118298,-0.122350,-0.126172,-0.129761,-0.133112,-0.136221,-0.139086,-0.141706,-0.144076,-0.146194,-0.148058,-0.149665,-0.151011,-0.152092,-0.152904,-0.153443,-0.153701,-0.153675,-0.153357,-0.152741,-0.151819,-0.150585,-0.149031,-0.147151,-0.144939,-0.142388,-0.139493,-0.136253,-0.132664,-0.128728,-0.124447,-0.119827,-0.114878,-0.109612,-0.104046,-0.098202,-0.092106,-0.085790,-0.079291,-0.072653,-0.065922,-0.059155,-0.052409,-0.045751,-0.039249,-0.032979,-0.027017,-0.021445,-0.016345,-0.011803,-0.007901,-0.004726,-0.002353,-0.000918,0.000000,
0.000000,-0.000820,-0.002097,-0.004194,-0.006986,-0.010402,-0.014366,-0.018803,-0.023641,-0.028814,-0.034255,-0.039904,-0.045705,-0.051604,-0.057554,-0.063513,-0.069440,-0.075302,-0.081068,-0.086711,-0.092209,-0.097541,-0.102691,-0.107646,-0.112394,-0.116926,-0.121234,-0.125312,-0.129156,-0.132763,-0.136129,-0.139253,-0.142133,-0.144766,-0.147152,-0.149289,-0.151173,-0.152804,-0.154178,-0.155290,-0.156138,-0.156717,-0.157020,-0.157041,-0.156775,-0.156213,-0.155347,-0.154171,-0.152675,-0.150851,-0.148693,-0.146191,-0.143341,-0.140137,-0.136575,-0.132654,-0.128376,-0.123743,-0.118763,-0.113448,-0.107813,-0.101878,-0.095669,-0.089218,-0.082561,-0.075742,-0.068810,-0.061822,-0.054839,-0.047929,-0.041167,-0.034630,-0.028402,-0.022569,-0.017221,-0.012448,-0.008342,-0.004995,-0.002490,-0.000971,0.000000,
0.000000,-0.000857,-0.002190,-0.004378,-0.007287,-0.010842,-0.014960,-0.019564,-0.024577,-0.029927,-0.035545,-0.041368,-0.047335,-0.053393,-0.059492,-0.065588,-0.071640,-0.077613,-0.083477,-0.089206,-0.094776,-0.100169,-0.105369,-0.110363,-0.115141,-0.119694,-0.124018,-0.128106,-0.131956,-0.135565,-0.138932,-0.142056,-0.144936,-0.147571,-0.149962,-0.152106,-0.154002,-0.155649,-0.157044,-0.158183,-0.159064,-0.159681,-0.160028,-0.160100,-0.159888,-0.159386,-0.158584,-0.157475,-0.156047,-0.154293,-0.152202,-0.149767,-0.146978,-0.143828,-0.140313,-0.136428,-0.132173,-0.127548,-0.122560,-0.117217,-0.111533,-0.105528,-0.099225,-0.092654,-0.085854,-0.078867,-0.071744,-0.064542,-0.057327,-0.050169,-0.043145,-0.036340,-0.029841,-0.023741,-0.018136,-0.013124,-0.008805,-0.005278,-0.002633,-0.001028,0.000000,
0.000000,-0.000896,-0.002288,-0.004569,-0.007600,-0.011297,-0.015575,-0.020348,-0.025538,-0.031066,-0.036860,-0.042854,-0.048985,-0.055195,-0.061435,-0.067658,-0.073823,-0.079895,-0.085843,-0.091641,-0.097267,-0.102703,-0.107934,-0.112949,-0.117738,-0.122295,-0.126614,-0.130693,-0.134530,-0.138124,-0.141475,-0.144582,-0.147447,-0.150070,-0.152452,-0.154591,-0.156489,-0.158143,-0.159551,-0.160712,-0.161621,-0.162274,-0.162666,-0.162789,-0.162636,-0.162199,-0.161468,-0.160434,-0.159087,-0.157415,-0.155408,-0.153055,-0.150346,-0.147272,-0.143825,-0.139999,-0.135791,-0.131199,-0.126226,-0.120880,-0.115172,-0.109119,-0.102743,-0.096074,-0.089148,-0.082010,-0.074709,-0.067305,-0.059865,-0.052462,-0.045180,-0.038104,-0.031331,-0.024958,-0.019090,-0.013831,-0.009290,-0.005575,-0.002785,-0.001088,0.000000,
0.000000,-0.000936,-0.002389,-0.004769,-0.007924,-0.011769,-0.016209,-0.021155,-0.026523,-0.032229,-0.038198,-0.044360,-0.050648,-0.057003,-0.063374,-0.069712,-0.075976,-0.082131,-0.088146,-0.093996,-0.099659,-0.105117,-0.110359,-0.115373,-0.120151,-0.124689,-0.128983,-0.133032,-0.136835,-0.140393,-0.143708,-0.146781,-0.149613,-0.152207,-0.154565,-0.156687,-0.158573,-0.160224,-0.161638,-0.162812,-0.163745,-0.164431,-0.164865,-0.165040,-0.164949,-0.164582,-0.163930,-0.162982,-0.161727,-0.160151,-0.158244,-0.155992,-0.153384,-0.150407,-0.147052,-0.143310,-0.139175,-0.134643,-0.129714,-0.124393,-0.118688,-0.112614,-0.106191,-0.099448,-0.092419,-0.085149,-0.077687,-0.070095,-0.062440,-0.054802,-0.047264,-0.039920,-0.032870,-0.026221,-0.020082,-0.014569,-0.009799,-0.005887,-0.002944,-0.001152,0.000000,
0.000000,-0.000978,-0.002495,-0.004976,-0.008261,-0.012257,-0.016863,-0.021985,-0.027532,-0.033416,-0.039557,-0.045880,-0.052318,-0.058809,-0.065298,-0.071737,-0.078085,-0.084305,-0.090367,-0.096247,-0.101924,-0.107382,-0.112610,-0.117598,-0.122341,-0.126836,-0.131080,-0.135075,-0.138821,-0.142321,-0.145578,-0.148595,-0.151375,-0.153923,-0.156240,-0.158328,-0.160190,-0.161825,-0.163234,-0.164415,-0.165365,-0.166080,-0.166554,-0.166782,-0.166755,-0.166463,-0.165897,-0.165045,-0.163893,-0.162429,-0.160639,-0.158507,-0.156021,-0.153165,-0.149928,-0.146298,-0.142265,-0.137823,-0.132970,-0.127705,-0.122034,-0.115970,-0.109531,-0.102742,-0.095637,-0.088258,-0.080657,-0.072894,-0.065041,-0.057176,-0.049390,-0.041781,-0.034455,-0.027526,-0.021112,-0.015338,-0.010330,-0.006215,-0.003112,-0.001218,0.000000,
0.000000,-0.001022,-0.002606,-0.005193,-0.008612,-0.012762,-0.017538,-0.022838,-0.028564,-0.034624,-0.040932,-0.047411,-0.053990,-0.060603,-0.067197,-0.073720,-0.080131,-0.086395,-0.092481,-0.098366,-0.104032,-0.109463,-0.114650,-0.119585,-0.124266,-0.128689,-0.132856,-0.136770,-0.140433,-0.143850,-0.147025,-0.149963,-0.152671,-0.155151,-0.157408,-0.159447,-0.161269,-0.162876,-0.164268,-0.165445,-0.166405,-0.167143,-0.167656,-0.167935,-0.167974,-0.167763,-0.167289,-0.166542,-0.165507,-0.164169,-0.162513,-0.160523,-0.158182,-0.155473,-0.152382,-0.148893,-0.144995,-0.140677,-0.135933,-0.130759,-0.125159,-0.119141,-0.112720,-0.105918,-0.098768,-0.091310,-0.083595,-0.075684,-0.067649,-0.059573,-0.051549,-0.043681,-0.036082,-0.028872,-0.022179,-0.016138,-0.010884,-0.006557,-0.003288,-0.001288,0.000000,
0.000000,-0.001069,-0.002723,-0.005418,-0.008976,-0.013286,-0.018235,-0.023714,-0.029618,-0.035851,-0.042321,-0.048947,-0.055654,-0.062377,-0.069056,-0.075643,-0.082096,-0.088378,-0.094462,-0.100326,-0.105950,-0.111324,-0.116440,-0.121291,-0.125877,-0.130199,-0.134259,-0.138062,-0.141613,-0.144919,-0.147986,-0.150821,-0.153431,-0.155822,-0.157999,-0.159969,-0.161734,-0.163297,-0.164660,-0.165822,-0.166783,-0.167539,-0.168086,-0.168416,-0.168522,-0.168394,-0.168021,-0.167388,-0.166482,-0.165286,-0.163784,-0.161956,-0.159784,-0.157249,-0.154334,-0.151019,-0.147290,-0.143133,-0.138536,-0.133494,-0.128004,-0.122071,-0.115708,-0.108932,-0.101773,-0.094270,-0.086472,-0.078440,-0.070247,-0.061978,-0.053730,-0.045613,-0.037745,-0.030255,-0.023281,-0.016967,-0.011461,-0.006916,-0.003473,-0.001362,0.000000,
0.000000,-0.001117,-0.002844,-0.005654,-0.009355,-0.013829,-0.018954,-0.024613,-0.030695,-0.037096,-0.043721,-0.050482,-0.057304,-0.064117,-0.070862,-0.077490,-0.083957,-0.090230,-0.096281,-0.102090,-0.107641,-0.112924,-0.117933,-0.122666,-0.127124,-0.131310,-0.135230,-0.138889,-0.142297,-0.145461,-0.148391,-0.151095,-0.153582,-0.155859,-0.157935,-0.159814,-0.161504,-0.163007,-0.164326,-0.165462,-0.166414,-0.167180,-0.167756,-0.168135,-0.168309,-0.168268,-0.168001,-0.167492,-0.166728,-0.165689,-0.164359,-0.162715,-0.160739,-0.158407,-0.155699,-0.152593,-0.149071,-0.145113,-0.140706,-0.135838,-0.130503,-0.124702,-0.118440,-0.111734,-0.104608,-0.097099,-0.089255,-0.081134,-0.072812,-0.064374,-0.055921,-0.047567,-0.039438,-0.031672,-0.024416,-0.017826,-0.012062,-0.007290,-0.003666,-0.001440,0.000000,
0.000000,-0.001169,-0.002972,-0.005901,-0.009750,-0.014393,-0.019697,-0.025536,-0.031793,-0.038356,-0.045125,-0.052009,-0.058928,-0.065811,-0.072597,-0.079238,-0.085690,-0.091920,-0.097904,-0.103623,-0.109063,-0.114217,-0.119082,-0.123658,-0.127949,-0.131962,-0.135704,-0.139185,-0.142415,-0.145405,-0.148166,-0.150709,-0.153045,-0.155183,-0.157132,-0.158900,-0.160494,-0.161918,-0.163178,-0.164274,-0.165206,-0.165974,-0.166573,-0.166997,-0.167239,-0.167288,-0.167132,-0.166757,-0.166146,-0.165281,-0.164141,-0.162705,-0.160950,-0.158851,-0.156384,-0.153524,-0.150248,-0.146534,-0.142362,-0.137716,-0.132585,-0.126964,-0.120854,-0.114267,-0.107223,-0.099755,-0.091906,-0.083736,-0.075318,-0.066740,-0.058105,-0.049532,-0.041154,-0.033118,-0.025581,-0.018712,-0.012685,-0.007680,-0.003869,-0.001521,0.000000,
0.000000,-0.001223,-0.003107,-0.006160,-0.010163,-0.014978,-0.020463,-0.026483,-0.032911,-0.039628,-0.046530,-0.053520,-0.060515,-0.067443,-0.074243,-0.080864,-0.087265,-0.093417,-0.099294,-0.104881,-0.110168,-0.115151,-0.119829,-0.124207,-0.128290,-0.132089,-0.135614,-0.138878,-0.141893,-0.144673,-0.147232,-0.149582,-0.151736,-0.153706,-0.155502,-0.157135,-0.158611,-0.159938,-0.161121,-0.162162,-0.163063,-0.163822,-0.164437,-0.164903,-0.165211,-0.165351,-0.165312,-0.165078,-0.164633,-0.163957,-0.163028,-0.161822,-0.160315,-0.158480,-0.156289,-0.153714,-0.150727,-0.147301,-0.143413,-0.139041,-0.134168,-0.128783,-0.122882,-0.116470,-0.109562,-0.102186,-0.094384,-0.086210,-0.077737,-0.069053,-0.060265,-0.051495,-0.042885,-0.034588,-0.026775,-0.019626,-0.013331,-0.008087,-0.004081,-0.001607,0.000000,
0.000000,-0.001280,-0.003249,-0.006433,-0.010595,-0.015588,-0.021256,-0.027455,-0.034048,-0.040910,-0.047929,-0.055006,-0.062052,-0.068996,-0.075775,-0.082340,-0.088652,-0.094682,-0.100408,-0.105818,-0.110906,-0.115671,-0.120115,-0.124247,-0.128077,-0.131618,-0.134883,-0.137888,-0.140648,-0.143180,-0.145500,-0.147623,-0.149564,-0.151337,-0.152953,-0.154424,-0.155760,-0.156969,-0.158057,-0.159027,-0.159883,-0.160623,-0.161246,-0.161748,-0.162120,-0.162353,-0.162434,-0.162350,-0.162081,-0.161609,-0.160909,-0.159957,-0.158726,-0.157186,-0.155307,-0.153057,-0.150403,-0.147316,-0.143764,-0.139722,-0.135165,-0.130076,-0.124446,-0.118271,-0.111561,-0.104338,-0.096638,-0.088513,-0.080033,-0.071286,-0.062380,-0.053442,-0.044619,-0.036076,-0.027993,-0.020565,-0.013999,-0.008510,-0.004303,-0.001697,0.000000,
0.000000,-0.001341,-0.003400,-0.006721,-0.011049,-0.016224,-0.022077,-0.028452,-0.035203,-0.042198,-0.049316,-0.056455,-0.063524,-0.070450,-0.077170,-0.083636,-0.089813,-0.095672,-0.101198,-0.106381,-0.111218,-0.115712,-0.119872,-0.123709,-0.127236,-0.130470,-0.133428,-0.136130,-0.138593,-0.140837,-0.142881,-0.144741,-0.146435,-0.147978,-0.149385,-0.150669,-0.151840,-0.152909,-0.153882,-0.154764,-0.155560,-0.156270,-0.156892,-0.157423,-0.157856,-0.158181,-0.158387,-0.158458,-0.158377,-0.158122,-0.157671,-0.156996,-0.156067,-0.154855,-0.153324,-0.151440,-0.149167,-0.146468,-0.143309,-0.139656,-0.135478,-0.130752,-0.125460,-0.119591,-0.113148,-0.106146,-0.098614,-0.090599,-0.082168,-0.073408,-0.064426,-0.055354,-0.046345,-0.037573,-0.029230,-0.021528,-0.014690,-0.008950,-0.004535,-0.001791,0.000000,
0.000000,-0.001407,-0.003562,-0.007026,-0.011528,-0.016889,-0.022928,-0.029476,-0.036376,-0.043486,-0.050682,-0.057854,-0.064912,-0.071779,-0.078396,-0.084716,-0.090705,-0.096341,-0.101610,-0.106508,-0.111037,-0.115205,-0.119025,-0.122510,-0.125682,-0.128558,-0.131161,-0.133512,-0.135633,-0.137547,-0.139274,-0.140833,-0.142245,-0.143527,-0.144695,-0.145763,-0.146745,-0.147650,-0.148488,-0.149265,-0.149986,-0.150652,-0.151263,-0.151816,-0.152306,-0.152722,-0.153054,-0.153287,-0.153402,-0.153379,-0.153193,-0.152816,-0.152218,-0.151365,-0.150220,-0.148745,-0.146899,-0.144643,-0.141934,-0.138732,-0.135002,-0.130710,-0.125829,-0.120343,-0.114244,-0.107538,-0.100248,-0.092414,-0.084097,-0.075381,-0.066375,-0.057211,-0.048049,-0.039071,-0.030483,-0.022513,-0.015402,-0.009407,-0.004778,-0.001890,0.000000,
0.000000,-0.001477,-0.003734,-0.007351,-0.012033,-0.017585,-0.023811,-0.030526,-0.037563,-0.044770,-0.052016,-0.059188,-0.066194,-0.072957,-0.079419,-0.085536,-0.091279,-0.096630,-0.101581,-0.106132,-0.110291,-0.114071,-0.117489,-0.120565,-0.123324,-0.125788,-0.127983,-0.129934,-0.131667,-0.133206,-0.134574,-0.135795,-0.136889,-0.137875,-0.138773,-0.139597,-0.140363,-0.141081,-0.141763,-0.142416,-0.143046,-0.143655,-0.144244,-0.144812,-0.145352,-0.145857,-0.146316,-0.146714,-0.147034,-0.147255,-0.147351,-0.147294,-0.147052,-0.146589,-0.145867,-0.144843,-0.143474,-0.141714,-0.139515,-0.136832,-0.133620,-0.129838,-0.125450,-0.120429,-0.114758,-0.108434,-0.101469,-0.093895,-0.085768,-0.077165,-0.068194,-0.058988,-0.049713,-0.040559,-0.031745,-0.023516,-0.016135,-0.009882,-0.005031,-0.001994,0.000000,
0.000000,-0.001553,-0.003920,-0.007699,-0.012569,-0.018318,-0.024730,-0.031604,-0.038761,-0.046041,-0.053305,-0.060437,-0.067343,-0.073948,-0.080196,-0.086048,-0.091479,-0.096478,-0.101041,-0.105176,-0.108896,-0.112220,-0.115171,-0.117776,-0.120061,-0.122055,-0.123788,-0.125287,-0.126583,-0.127702,-0.128670,-0.129512,-0.130251,-0.130909,-0.131505,-0.132057,-0.132580,-0.133088,-0.133593,-0.134102,-0.134624,-0.135162,-0.135718,-0.136290,-0.136875,-0.137465,-0.138051,-0.138618,-0.139149,-0.139624,-0.140017,-0.140299,-0.140437,-0.140395,-0.140131,-0.139601,-0.138757,-0.137548,-0.135922,-0.133826,-0.131207,-0.128016,-0.124206,-0.119741,-0.114591,-0.108742,-0.102195,-0.094973,-0.087120,-0.078710,-0.069844,-0.060658,-0.051317,-0.042024,-0.033010,-0.024536,-0.016889,-0.010374,-0.005297,-0.002103,0.000000,
0.000000,-0.001636,-0.004121,-0.008072,-0.013141,-0.019091,-0.025686,-0.032710,-0.039968,-0.047291,-0.054534,-0.061578,-0.068328,-0.074712,-0.080679,-0.086193,-0.091238,-0.095808,-0.099907,-0.103550,-0.106757,-0.109553,-0.111969,-0.114034,-0.115782,-0.117247,-0.118460,-0.119455,-0.120264,-0.120916,-0.121441,-0.121864,-0.122212,-0.122507,-0.122771,-0.123022,-0.123277,-0.123551,-0.123857,-0.124204,-0.124602,-0.125054,-0.125563,-0.126131,-0.126753,-0.127424,-0.128134,-0.128871,-0.129619,-0.130356,-0.131059,-0.131697,-0.132239,-0.132646,-0.132875,-0.132880,-0.132608,-0.132006,-0.131015,-0.129576,-0.127627,-0.125111,-0.121971,-0.118157,-0.113629,-0.108358,-0.102333,-0.095564,-0.088085,-0.079959,-0.071281,-0.062185,-0.052839,-0.043451,-0.034267,-0.025568,-0.017662,-0.010886,-0.005575,-0.002218,0.000000,
0.000000,-0.001727,-0.004340,-0.008476,-0.013753,-0.019908,-0.026683,-0.033842,-0.041176,-0.048506,-0.055681,-0.062579,-0.069108,-0.075199,-0.080806,-0.085902,-0.090477,-0.094534,-0.098085,-0.101153,-0.103767,-0.105959,-0.107764,-0.109221,-0.110366,-0.111238,-0.111875,-0.112311,-0.112583,-0.112723,-0.112761,-0.112727,-0.112647,-0.112546,-0.112447,-0.112369,-0.112331,-0.112348,-0.112434,-0.112601,-0.112857,-0.113209,-0.113660,-0.114212,-0.114863,-0.115609,-0.116441,-0.117348,-0.118314,-0.119321,-0.120343,-0.121354,-0.122319,-0.123200,-0.123954,-0.124532,-0.124879,-0.124937,-0.124643,-0.123932,-0.122733,-0.120980,-0.118605,-0.115545,-0.111747,-0.107167,-0.101779,-0.095577,-0.088582,-0.080844,-0.072451,-0.063529,-0.054248,-0.044822,-0.035508,-0.026607,-0.018454,-0.011417,-0.005867,-0.002340,0.000000,
0.000000,-0.001827,-0.004580,-0.008916,-0.014411,-0.020775,-0.027723,-0.034999,-0.042377,-0.049668,-0.056718,-0.063403,-0.069635,-0.075349,-0.080508,-0.085093,-0.089104,-0.092554,-0.095466,-0.097871,-0.099805,-0.101310,-0.102428,-0.103202,-0.103677,-0.103893,-0.103894,-0.103718,-0.103403,-0.102985,-0.102495,-0.101965,-0.101423,-0.100894,-0.100403,-0.099971,-0.099615,-0.099354,-0.099201,-0.099169,-0.099268,-0.099505,-0.099886,-0.100412,-0.101083,-0.101897,-0.102846,-0.103920,-0.105106,-0.106386,-0.107736,-0.109130,-0.110536,-0.111914,-0.113221,-0.114407,-0.115416,-0.116186,-0.116650,-0.116736,-0.116367,-0.115466,-0.113954,-0.111757,-0.108804,-0.105037,-0.100412,-0.094904,-0.088519,-0.081290,-0.073292,-0.064644,-0.055512,-0.046114,-0.036720,-0.027648,-0.019263,-0.011968,-0.006174,-0.002469,0.000000,
0.000000,-0.001938,-0.004846,-0.009396,-0.015122,-0.021697,-0.028808,-0.036175,-0.043557,-0.050755,-0.057610,-0.064002,-0.069845,-0.075086,-0.079695,-0.083666,-0.087010,-0.089751,-0.091923,-0.093568,-0.094733,-0.095464,-0.095814,-0.095831,-0.095565,-0.095063,-0.094370,-0.093528,-0.092579,-0.091558,-0.090501,-0.089439,-0.088402,-0.087417,-0.086508,-0.085696,-0.085002,-0.084442,-0.084032,-0.083785,-0.083712,-0.083821,-0.084118,-0.084607,-0.085289,-0.086163,-0.087223,-0.088461,-0.089865,-0.091419,-0.093102,-0.094888,-0.096746,-0.098639,-0.100524,-0.102349,-0.104059,-0.105589,-0.106868,-0.107819,-0.108359,-0.108400,-0.107853,-0.106630,-0.104645,-0.101821,-0.098094,-0.093422,-0.087785,-0.081201,-0.073728,-0.065470,-0.056587,-0.047300,-0.037886,-0.028684,-0.020089,-0.012541,-0.006497,-0.002607,0.000000,
0.000000,-0.002062,-0.005141,-0.009924,-0.015891,-0.022678,-0.029937,-0.037362,-0.044696,-0.051733,-0.058310,-0.064313,-0.069663,-0.074318,-0.078262,-0.081502,-0.084064,-0.085984,-0.087309,-0.088093,-0.088390,-0.088260,-0.087759,-0.086943,-0.085868,-0.084584,-0.083141,-0.081583,-0.079952,-0.078289,-0.076628,-0.075002,-0.073442,-0.071974,-0.070623,-0.069411,-0.068359,-0.067483,-0.066801,-0.066324,-0.066065,-0.066033,-0.066236,-0.066678,-0.067361,-0.068286,-0.069450,-0.070846,-0.072464,-0.074290,-0.076306,-0.078489,-0.080808,-0.083229,-0.085710,-0.088201,-0.090645,-0.092977,-0.095124,-0.097003,-0.098527,-0.099599,-0.100119,-0.099984,-0.099094,-0.097351,-0.094670,-0.090986,-0.086255,-0.080471,-0.073669,-0.065937,-0.057424,-0.048345,-0.038986,-0.029706,-0.020928,-0.013136,-0.006839,-0.002753,0.000000,
0.000000,-0.002203,-0.005471,-0.010507,-0.016728,-0.023724,-0.031106,-0.038545,-0.045767,-0.052557,-0.058756,-0.064255,-0.068989,-0.072929,-0.076078,-0.078458,-0.080111,-0.081089,-0.081452,-0.081266,-0.080598,-0.079514,-0.078079,-0.076356,-0.074404,-0.072279,-0.070032,-0.067710,-0.065358,-0.063015,-0.060718,-0.058500,-0.056392,-0.054419,-0.052608,-0.050979,-0.049554,-0.048349,-0.047380,-0.046662,-0.046207,-0.046024,-0.046121,-0.046506,-0.047181,-0.048148,-0.049407,-0.050953,-0.052778,-0.054872,-0.057218,-0.059796,-0.062580,-0.065536,-0.068626,-0.071801,-0.075006,-0.078176,-0.081236,-0.084102,-0.086679,-0.088866,-0.090552,-0.091621,-0.091955,-0.091438,-0.089961,-0.087431,-0.083779,-0.078968,-0.073006,-0.065959,-0.057956,-0.049205,-0.039996,-0.030701,-0.021777,-0.013755,-0.007202,-0.002910,0.000000,
0.000000,-0.002363,-0.005843,-0.011154,-0.017640,-0.024835,-0.032309,-0.039703,-0.046729,-0.053167,-0.058864,-0.063724,-0.067698,-0.070778,-0.072984,-0.074360,-0.074966,-0.074871,-0.074152,-0.072885,-0.071149,-0.069020,-0.066570,-0.063867,-0.060975,-0.057953,-0.054853,-0.051727,-0.048617,-0.045564,-0.042606,-0.039774,-0.037098,-0.034605,-0.032320,-0.030262,-0.028453,-0.026909,-0.025646,-0.024678,-0.024017,-0.023675,-0.023658,-0.023977,-0.024634,-0.025634,-0.026978,-0.028665,-0.030688,-0.033040,-0.035709,-0.038678,-0.041923,-0.045415,-0.049118,-0.052989,-0.056972,-0.061006,-0.065016,-0.068917,-0.072612,-0.075992,-0.078939,-0.081324,-0.083013,-0.083869,-0.083761,-0.082564,-0.080179,-0.076535,-0.071607,-0.065428,-0.058104,-0.049826,-0.040879,-0.031653,-0.022633,-0.014400,-0.007589,-0.003081,0.000000,
0.000000,-0.002545,-0.006265,-0.011876,-0.018634,-0.026011,-0.033529,-0.040801,-0.047523,-0.053479,-0.058526,-0.062587,-0.065634,-0.067685,-0.068784,-0.068998,-0.068409,-0.067104,-0.065175,-0.062714,-0.059810,-0.056547,-0.053003,-0.049253,-0.045363,-0.041395,-0.037402,-0.033437,-0.029541,-0.025757,-0.022118,-0.018657,-0.015403,-0.012381,-0.009614,-0.007122,-0.004924,-0.003036,-0.001475,-0.000252,0.000619,0.001127,0.001263,0.001019,0.000388,-0.000636,-0.002055,-0.003870,-0.006079,-0.008678,-0.011658,-0.015005,-0.018702,-0.022722,-0.027036,-0.031603,-0.036373,-0.041287,-0.046273,-0.051246,-0.056110,-0.060751,-0.065045,-0.068852,-0.072024,-0.074404,-0.075834,-0.076161,-0.075249,-0.072987,-0.069311,-0.064214,-0.057766,-0.050134,-0.041593,-0.032538,-0.023486,-0.015072,-0.008003,-0.003265,0.000000,
0.000000,-0.002756,-0.006745,-0.012681,-0.019715,-0.027244,-0.034739,-0.041784,-0.048067,-0.053379,-0.057596,-0.060667,-0.062595,-0.063427,-0.063236,-0.062118,-0.060175,-0.057517,-0.054251,-0.050484,-0.046313,-0.041831,-0.037123,-0.032267,-0.027330,-0.022376,-0.017460,-0.012631,-0.007933,-0.003403,0.000924,0.005019,0.008854,0.012406,0.015654,0.018580,0.021165,0.023394,0.025254,0.026731,0.027813,0.028489,0.028749,0.028585,0.027987,0.026950,0.025467,0.023536,0.021155,0.018326,0.015052,0.011343,0.007212,0.002678,-0.002233,-0.007486,-0.013038,-0.018834,-0.024808,-0.030878,-0.036948,-0.042905,-0.048619,-0.053945,-0.058721,-0.062771,-0.065912,-0.067959,-0.068739,-0.068096,-0.065918,-0.062147,-0.056810,-0.050035,-0.042075,-0.033324,-0.024326,-0.015770,-0.008449,-0.003468,0.000000,
0.000000,-0.003000,-0.007294,-0.013581,-0.020885,-0.028517,-0.035894,-0.042573,-0.048242,-0.052709,-0.055880,-0.057738,-0.058326,-0.057726,-0.056047,-0.053412,-0.049952,-0.045795,-0.041067,-0.035884,-0.030356,-0.024581,-0.018649,-0.012638,-0.006619,-0.000653,0.005205,0.010909,0.016417,0.021693,0.026705,0.031428,0.035837,0.039910,0.043630,0.046978,0.049941,0.052504,0.054655,0.056380,0.057670,0.058512,0.058897,0.058816,0.058258,0.057215,0.055681,0.053649,0.051114,0.048073,0.044527,0.040480,0.035939,0.030917,0.025433,0.019515,0.013199,0.006532,-0.000424,-0.007597,-0.014892,-0.022202,-0.029395,-0.036320,-0.042807,-0.048664,-0.053685,-0.057654,-0.060356,-0.061588,-0.061181,-0.059019,-0.055067,-0.049404,-0.042243,-0.033966,-0.025134,-0.016493,-0.008931,-0.003692,0.000000,
0.000000,-0.003285,-0.007924,-0.014586,-0.022139,-0.029797,-0.036922,-0.043050,-0.047882,-0.051256,-0.053120,-0.053506,-0.052503,-0.050236,-0.046854,-0.042513,-0.037368,-0.031570,-0.025259,-0.018564,-0.011600,-0.004472,0.002731,0.009927,0.017050,0.024038,0.030841,0.037414,0.043722,0.049730,0.055412,0.060745,0.065707,0.070281,0.074452,0.078205,0.081528,0.084408,0.086835,0.088798,0.090286,0.091289,0.091796,0.091798,0.091285,0.090245,0.088671,0.086553,0.083884,0.080656,0.076865,0.072510,0.067591,0.062115,0.056094,0.049546,0.042500,0.034993,0.027076,0.018816,0.010296,0.001620,-0.007085,-0.015669,-0.023955,-0.031741,-0.038801,-0.044889,-0.049750,-0.053129,-0.054794,-0.054560,-0.052317,-0.048071,-0.041981,-0.034396,-0.025881,-0.017238,-0.009454,-0.003942,0.000000,
0.000000,-0.003620,-0.008649,-0.015700,-0.023456,-0.031023,-0.037707,-0.043041,-0.046752,-0.048728,-0.048977,-0.047591,-0.044715,-0.040528,-0.035218,-0.028977,-0.021985,-0.014412,-0.006413,0.001877,0.010335,0.018857,0.027354,0.035747,0.043971,0.051972,0.059702,0.067123,0.074202,0.080913,0.087232,0.093141,0.098624,0.103667,0.108258,0.112386,0.116041,0.119214,0.121896,0.124077,0.125749,0.126901,0.127524,0.127608,0.127141,0.126112,0.124510,0.122324,0.119542,0.116154,0.112150,0.107523,0.102268,0.096383,0.089873,0.082745,0.075018,0.066719,0.057888,0.048578,0.038862,0.028834,0.018611,0.008338,-0.001809,-0.011622,-0.020859,-0.029252,-0.036506,-0.042315,-0.046378,-0.048429,-0.048268,-0.045809,-0.041127,-0.034514,-0.026522,-0.017991,-0.010023,-0.004224,0.000000,
0.000000,-0.004014,-0.009482,-0.016922,-0.024796,-0.032092,-0.038074,-0.042291,-0.044522,-0.044730,-0.043001,-0.039503,-0.034449,-0.028072,-0.020607,-0.012278,-0.003289,0.006172,0.015943,0.025883,0.035869,0.045799,0.055586,0.065160,0.074460,0.083438,0.092054,0.100277,0.108080,0.115444,0.122350,0.128787,0.134742,0.140207,0.145174,0.149635,0.153585,0.157017,0.159924,0.162298,0.164133,0.165419,0.166147,0.166307,0.165886,0.164874,0.163256,0.161020,0.158150,0.154632,0.150453,0.145598,0.140056,0.133819,0.126879,0.119237,0.110898,0.101877,0.092200,0.081906,0.071052,0.059718,0.048006,0.036051,0.024020,0.012119,0.000594,-0.010265,-0.020133,-0.028654,-0.035457,-0.040187,-0.042538,-0.042306,-0.039452,-0.034176,-0.026980,-0.018731,-0.010642,-0.004542,0.000000,
0.000000,-0.004479,-0.010434,-0.018233,-0.026075,-0.032834,-0.037753,-0.040428,-0.040731,-0.038725,-0.034600,-0.028614,-0.021056,-0.012219,-0.002381,0.008205,0.019313,0.030747,0.042340,0.053950,0.065460,0.076775,0.087816,0.098521,0.108838,0.118730,0.128164,0.137118,0.145575,0.153520,0.160944,0.167840,0.174203,0.180029,0.185315,0.190057,0.194254,0.197901,0.200995,0.203530,0.205500,0.206898,0.207716,0.207943,0.207567,0.206576,0.204955,0.202687,0.199755,0.196143,0.191830,0.186797,0.181028,0.174503,0.167209,0.159133,0.150269,0.140618,0.130190,0.119008,0.107109,0.094554,0.081426,0.067840,0.053948,0.039943,0.026070,0.012622,-0.000051,-0.011551,-0.021443,-0.029275,-0.034621,-0.037135,-0.036628,-0.033158,-0.027136,-0.019414,-0.011307,-0.004904,0.000000,
0.000000,-0.005027,-0.011507,-0.019579,-0.027144,-0.032972,-0.036330,-0.036916,-0.034735,-0.029992,-0.023001,-0.014126,-0.003736,0.007819,0.020223,0.033197,0.046505,0.059948,0.073363,0.086617,0.099602,0.112235,0.124450,0.136197,0.147437,0.158144,0.168297,0.177883,0.186895,0.195327,0.203178,0.210447,0.217136,0.223247,0.228780,0.233738,0.238122,0.241932,0.245166,0.247821,0.249894,0.251378,0.252266,0.252549,0.252213,0.251246,0.249632,0.247353,0.244389,0.240719,0.236319,0.231167,0.225236,0.218501,0.210939,0.202527,0.193246,0.183081,0.172025,0.160082,0.147269,0.133621,0.119198,0.104087,0.088416,0.072356,0.056133,0.040035,0.024417,0.009707,-0.003603,-0.014973,-0.023846,-0.029710,-0.032184,-0.031129,-0.026792,-0.019955,-0.012006,-0.005314,0.000000,
0.000000,-0.005665,-0.012683,-0.020847,-0.027734,-0.032058,-0.033181,-0.030977,-0.025644,-0.017565,-0.007203,0.004967,0.018498,0.032989,0.048095,0.063529,0.079053,0.094478,0.109653,0.124461,0.138813,0.152643,0.165901,0.178555,0.190581,0.201966,0.212704,0.222793,0.232235,0.241035,0.249199,0.256734,0.263650,0.269952,0.275648,0.280745,0.285246,0.289155,0.292474,0.295203,0.297339,0.298878,0.299813,0.300136,0.299834,0.298894,0.297298,0.295028,0.292062,0.288376,0.283942,0.278732,0.272715,0.265859,0.258130,0.249495,0.239923,0.229383,0.217852,0.205311,0.191755,0.177191,0.161648,0.145182,0.127885,0.109895,0.091405,0.072677,0.054055,0.035973,0.018960,0.003633,-0.009326,-0.019222,-0.025440,-0.027577,-0.025627,-0.020202,-0.012699,-0.005771,0.000000,
0.000000,-0.006387,-0.013897,-0.021802,-0.027378,-0.029374,-0.027366,-0.021499,-0.012233,-0.000167,0.014078,0.029917,0.046836,0.064404,0.082266,0.100141,0.117807,0.135098,0.151888,0.168084,0.183624,0.198464,0.212577,0.225950,0.238578,0.250464,0.261615,0.272043,0.281761,0.290783,0.299124,0.306800,0.313824,0.320211,0.325971,0.331117,0.335655,0.339593,0.342935,0.345684,0.347838,0.349396,0.350352,0.350697,0.350420,0.349507,0.347942,0.345704,0.342768,0.339110,0.334699,0.329501,0.323481,0.316601,0.308818,0.300090,0.290373,0.279622,0.267796,0.254856,0.240770,0.225516,0.209091,0.191511,0.172825,0.153123,0.132551,0.111327,0.089756,0.068248,0.047340,0.027696,0.010104,-0.004559,-0.015415,-0.021723,-0.023109,-0.019873,-0.013293,-0.006258,0.000000,
0.000000,-0.007152,-0.014979,-0.021991,-0.025269,-0.023778,-0.017477,-0.006901,0.007161,0.023875,0.042462,0.062252,0.082695,0.103354,0.123895,0.144064,0.163678,0.182607,0.200763,0.218090,0.234555,0.250146,0.264860,0.278708,0.291704,0.303868,0.315224,0.325794,0.335603,0.344676,0.353037,0.360707,0.367707,0.374055,0.379770,0.384864,0.389350,0.393238,0.396534,0.399244,0.401368,0.402905,0.403852,0.404200,0.403939,0.403056,0.401532,0.399348,0.396479,0.392896,0.388568,0.383458,0.377526,0.370729,0.363018,0.354341,0.344644,0.333869,0.321958,0.308851,0.294492,0.278830,0.261823,0.243447,0.223700,0.202615,0.180275,0.156829,0.132517,0.107691,0.082848,0.058655,0.035961,0.015794,-0.000696,-0.012373,-0.018363,-0.018451,-0.013579,-0.006716,0.000000,
0.000000,-0.007825,-0.015538,-0.020545,-0.020029,-0.013465,-0.001425,0.015039,0.034770,0.056706,0.079952,0.103800,0.127710,0.151285,0.174243,0.196392,0.217605,0.237808,0.256962,0.275054,0.292091,0.308093,0.323086,0.337103,0.350181,0.362357,0.373669,0.384152,0.393842,0.402772,0.410973,0.418474,0.425301,0.431478,0.437024,0.441959,0.446296,0.450049,0.453226,0.455834,0.457876,0.459352,0.460259,0.460590,0.460336,0.459483,0.458015,0.455910,0.453144,0.449688,0.445509,0.440567,0.434821,0.428223,0.420719,0.412252,0.402757,0.392166,0.380406,0.367399,0.353067,0.337329,0.320108,0.301335,0.280955,0.258938,0.235288,0.210069,0.183424,0.155607,0.127022,0.098268,0.070186,0.043884,0.020737,0.002297,-0.009941,-0.014993,-0.013114,-0.006987,0.000000,
0.000000,-0.008052,-0.014711,-0.015823,-0.009312,0.004390,0.023842,0.047386,0.073517,0.101014,0.128954,0.156670,0.183704,0.209752,0.234629,0.258230,0.280510,0.301463,0.321109,0.339486,0.356642,0.372631,0.387508,0.401332,0.414157,0.426036,0.437021,0.447158,0.456492,0.465064,0.472911,0.480066,0.486561,0.492421,0.497672,0.502333,0.506421,0.509950,0.512932,0.515374,0.517281,0.518653,0.519490,0.519784,0.519529,0.518710,0.517312,0.515314,0.512692,0.509417,0.505456,0.500770,0.495314,0.489038,0.481888,0.473800,0.464704,0.454524,0.443176,0.430567,0.416600,0.401169,0.384166,0.365477,0.344997,0.322626,0.298289,0.271946,0.243619,0.213422,0.181610,0.148634,0.115214,0.082420,0.051732,0.025049,0.004541,-0.007772,-0.010962,-0.006678,0.000000,
0.000000,-0.006953,-0.010639,-0.004762,0.010817,0.034141,0.062696,0.094259,0.127113,0.160044,0.192239,0.223191,0.252607,0.280339,0.306336,0.330612,0.353216,0.374220,0.393709,0.411771,0.428495,0.443967,0.458271,0.471482,0.483674,0.494912,0.505258,0.514768,0.523492,0.531475,0.538761,0.545384,0.551380,0.556776,0.561598,0.565868,0.569604,0.572822,0.575532,0.577745,0.579465,0.580694,0.581432,0.581673,0.581410,0.580631,0.579321,0.577461,0.575028,0.571994,0.568325,0.563985,0.558929,0.553108,0.546465,0.538936,0.530450,0.520924,0.510269,0.498383,0.485153,0.470458,0.454160,0.436114,0.416166,0.394154,0.369922,0.343322,0.314242,0.282627,0.248528,0.212160,0.173998,0.134892,0.096216,0.060000,0.028976,0.006352,-0.005165,-0.004847,0.000000,
0.000000,-0.002390,0.000635,0.018304,0.046856,0.082327,0.121198,0.160977,0.200061,0.237504,0.272806,0.305751,0.336296,0.364502,0.390484,0.414382,0.436348,0.456530,0.475073,0.492109,0.507763,0.522146,0.535361,0.547500,0.558646,0.568873,0.578250,0.586835,0.594682,0.601841,0.608352,0.614256,0.619584,0.624367,0.628629,0.632394,0.635679,0.638499,0.640867,0.642791,0.644277,0.645327,0.645942,0.646117,0.645845,0.645117,0.643919,0.642232,0.640037,0.637306,0.634009,0.630112,0.625572,0.620342,0.614368,0.607588,0.599930,0.591315,0.581650,0.570831,0.558740,0.545244,0.530191,0.513412,0.494719,0.473900,0.450729,0.424965,0.396361,0.364685,0.329751,0.291473,0.249953,0.205617,0.159421,0.113123,0.069597,0.033043,0.008353,0.000748,0.000000,
0.000000,0.010801,0.027474,0.063661,0.109222,0.158382,0.207326,0.253996,0.297424,0.337282,0.373583,0.406518,0.436350,0.463365,0.487844,0.510045,0.530208,0.548541,0.565232,0.580445,0.594324,0.606997,0.618575,0.629156,0.638826,0.647662,0.655731,0.663092,0.669798,0.675896,0.681427,0.686426,0.690926,0.694953,0.698533,0.701685,0.704427,0.706772,0.708732,0.710315,0.711527,0.712370,0.712845,0.712948,0.712674,0.712013,0.710955,0.709484,0.707581,0.705223,0.702384,0.699031,0.695128,0.690633,0.685495,0.679658,0.673057,0.665616,0.657250,0.647858,0.637325,0.625519,0.612286,0.597450,0.580805,0.562116,0.541110,0.517478,0.490869,0.460897,0.427152,0.389225,0.346770,0.299616,0.247961,0.192724,0.136084,0.082316,0.038028,0.015450,0.000000,
0.000000,0.045291,0.087361,0.149376,0.213757,0.274990,0.330691,0.380335,0.424193,0.462835,0.496901,0.527005,0.553689,0.577425,0.598611,0.617584,0.634628,0.649980,0.663844,0.676390,0.687763,0.698089,0.707475,0.716013,0.723783,0.730855,0.737290,0.743141,0.748455,0.753272,0.757628,0.761554,0.765078,0.768223,0.771010,0.773455,0.775575,0.777380,0.778880,0.780082,0.780991,0.781609,0.781937,0.781971,0.781709,0.781143,0.780262,0.779055,0.777507,0.775598,0.773307,0.770607,0.767468,0.763855,0.759726,0.755033,0.749721,0.743725,0.736972,0.729373,0.720827,0.711216,0.700399,0.688210,0.674455,0.658901,0.641269,0.621228,0.598378,0.572246,0.542265,0.507775,0.468020,0.422192,0.369526,0.309558,0.242658,0.171254,0.101103,0.052212,0.000000,
0.000000,0.133223,0.216053,0.305342,0.382420,0.447176,0.501112,0.546165,0.584064,0.616219,0.643739,0.667489,0.688143,0.706228,0.722161,0.736273,0.748832,0.760053,0.770115,0.779164,0.787323,0.794693,0.801362,0.807405,0.812883,0.817852,0.822358,0.826443,0.830142,0.833485,0.836500,0.839209,0.841634,0.843791,0.845696,0.847362,0.848799,0.850016,0.851020,0.851817,0.852409,0.852798,0.852985,0.852969,0.852745,0.852309,0.851654,0.850770,0.849648,0.848273,0.846630,0.844698,0.842457,0.839880,0.836937,0.833592,0.829805,0.825527,0.820702,0.815265,0.809138,0.802227,0.794425,0.785598,0.775589,0.764204,0.751207,0.736305,0.719135,0.699239,0.676039,0.648796,0.616561,0.578120,0.531928,0.476085,0.408428,0.327231,0.231938,0.143421,0.000000,
0.000000,0.361357,0.481076,0.572822,0.638358,0.687030,0.724273,0.753553,0.777111,0.796440,0.812563,0.826200,0.837868,0.847952,0.856740,0.864453,0.871263,0.877307,0.882695,0.887515,0.891840,0.895731,0.899238,0.902404,0.905264,0.907851,0.910189,0.912302,0.914210,0.915930,0.917476,0.918861,0.920096,0.921192,0.922155,0.922994,0.923713,0.924317,0.924811,0.925196,0.925476,0.925650,0.925718,0.925681,0.925536,0.925279,0.924909,0.924419,0.923804,0.923056,0.922167,0.921126,0.919921,0.918538,0.916961,0.915170,0.913143,0.910852,0.908267,0.905351,0.902059,0.898340,0.894131,0.889354,0.883917,0.877704,0.870570,0.862334,0.852762,0.841551,0.828299,0.812466,0.793306,0.769768,0.740330,0.702722,0.653446,0.587082,0.493565,0.374116,0.000000,
1.000000,1.000000,1.000000,1.000000,1.000000,1.000000,1.000000,1.000000,1.000000,1.000000,1.000000,1.000000,1.000000,1.000000,1.000000,1.000000,1.000000,1.000000,1.000000,1.000000,1.000000,1.000000,1.000000,1.000000,1.000000,1.000000,1.000000,1.000000,1.000000,1.000000,1.000000,1.000000,1.000000,1.000000,1.000000,1.000000,1.000000,1.000000,1.000000,1.000000,1.000000,1.000000,1.000000,1.000000,1.000000,1.000000,1.000000,1.000000,1.000000,1.000000,1.000000,1.000000,1.000000,1.000000,1.000000,1.000000,1.000000,1.000000,1.000000,1.000000,1.000000,1.000000,1.000000,1.000000,1.000000,1.000000,1.000000,1.000000,1.000000,1.000000,1.000000,1.000000,1.000000,1.000000,1.000000,1.000000,1.000000,1.000000,1.000000,1.000000,1.000000,
